Game,PlayID,Qtr,Time,Off,Situation,Description,DrivePlays,DriveYards,DriveTime,AwayScoreAfterDrive,HomeScoreAfterDrive
1,5,1,15:00,SEA,,"H.Niswander kickoff from DC 30, 56 yds to SEA 14. K.Reynolds to SEA 33 for 56 yards (A.Williams)",,,,,
1,10,1,14:53,SEA,1st & 10 SEA 33,(Shotgun) J.Gardner rush left end to SEA 38 for 5 yards (A.Tarpley),,,,,
1,15,1,14:21,SEA,2nd & 5 SEA 38,(Shotgun) B.Silvers pass short right to K.Reynolds to SEA 39 for 1 yards (A.Tarpley),,,,,
1,20,1,13:43,SEA,3rd & 4 SEA 39,(Shotgun) B.Silvers pass incomplete short right to K.Reynolds.,,,,,
1,25,1,13:22,SEA,4th & 4 SEA 39,"(Punt) B.Miller punts, 45 yds to DC 16. E.Rogers to DC 20 for 45 yards (S.Ramirez)",,,,,
1,30,1,13:09,DC,1st & 10 DC 20,(Shotgun) E.Rogers rush right end to DC 20 for 0 yards (A.Williams),,,,,
1,35,1,12:45,DC,2nd & 10 DC 20,"(No Huddle, Shotgun) D.Pumphrey rush right end to DC 19 for -1 yards (G.Igwebuike)",,,,,
1,40,1,12:18,DC,3rd & 11 DC 19,(Shotgun) C.Jones pass deep left to R.Ross out of bounds at DC 40 for 21 yards,,,,,
1,45,1,11:53,DC,1st & 10 DC 40,"(No Huddle, Shotgun) C.Jones pass short right to E.Rogers out of bounds at SEA 43 for 17 yards (S.Johnson)",,,,,
1,50,1,11:26,DC,1st & 10 SEA 43,"(No Huddle, Shotgun) C.Jones pass short middle to D.Pumphrey to SEA 40 for 3 yards (G.Igwebuike; S.Maponga)",,,,,
1,55,1,10:49,DC,2nd & 7 SEA 40,"(No Huddle, Shotgun) T.Jackson rush left tackle to SEA 35 for 5 yards (J.Martin)",,,,,
1,60,1,10:25,DC,,"PENALTY on SEA. Neutral zone infraction, 5 yards, enforced to SEA 30.",,,,,
1,65,1,10:09,DC,1st & 10 SEA 30,J.Pressley rush left end out of bounds at SEA 21 for 9 yards (J.Martin),,,,,
1,70,1,09:44,DC,2nd & 1 SEA 21,(No Huddle) J.Pressley rush up the middle to SEA 21 for 0 yards (A.Johnson),,,,,
1,75,1,09:18,DC,3rd & 1 SEA 21,(No Huddle) C.Jones rush up the middle to SEA 16 for 5 yards (P.Tasini; S.Johnson),,,,,
1,80,1,08:46,DC,1st & 10 SEA 16,(No Huddle) R.Ross rush right end out of bounds at SEA 17 for -1 yards (G.Igwebuike),,,,,
1,85,1,08:12,DC,2nd & 11 SEA 17,(Shotgun) C.Jones pass incomplete.,,,,,
1,90,1,07:43,DC,3rd & 11 SEA 17,(Shotgun) C.Jones pass incomplete short middle to D.Pumphrey (N.Temple).,,,,,
1,95,1,07:23,DC,4th & 11 SEA 17,(Field Goal) T.Rausa 34 yds field goal IS GOOD.,13,63,05:49,0,3
1,100,1,07:20,SEA,,"H.Niswander kickoff from DC 30, 58 yds to SEA 12. K.Reynolds to SEA 33 for 58 yards (K.Abdullah; T.Kinnel)",,,,,
1,105,1,07:16,SEA,1st & 10 SEA 33,K.Farrow rush up the middle to SEA 35 for 2 yards (J.Bromley),,,,,
1,110,1,06:46,SEA,2nd & 8 SEA 35,(Shotgun) B.Silvers pass short right to C.Jeter to SEA 41 for 6 yards (R.Moore),,,,,
1,115,1,06:15,SEA,3rd & 2 SEA 41,K.Farrow rush right guard to SEA 46 for 5 yards (J.Thurman),,,,,
1,120,1,05:43,SEA,1st & 10 SEA 46,(Shotgun) K.Farrow rush right end to DC 42 for 12 yards (J.Thurman; T.Kinnel),,,,,
1,125,1,05:04,SEA,1st & 10 DC 42,(Shotgun) B.Silvers pass deep left to D.Byrd out of bounds at DC 14 for 28 yards (D.Lawrence),,,,,
1,130,1,04:30,SEA,1st & 10 DC 14,"(Shotgun) B.Silvers pass short middle to A.Proehl for 14 yards, TOUCHDOWN.",6,67,02:55,6,3
1,135,1,04:25,SEA,,1pt attempt unsuccessful.,,,,,
1,140,1,04:25,DC,,"E.Lacayo kickoff from SEA 30, 60 yds to DC 10. D.Pumphrey to DC 31 for 60 yards (K.Farrow; K.Queiro)",,,,,
1,145,1,04:19,DC,1st & 10 DC 31,(Shotgun) J.Pressley rush up the middle to DC 32 for 1 yards (W.Sutton; A.Moten),,,,,
1,150,1,03:48,DC,2nd & 9 DC 32,"(No Huddle, Shotgun) C.Jones pass incomplete deep left to J.Pressley.",,,,,
1,155,1,03:18,DC,3rd & 9 DC 32,"(No Huddle, Shotgun) C.Jones rush up the middle to DC 40 for 8 yards (S.Johnson)",,,,,
1,160,1,02:43,DC,4th & 1 DC 40,(No Huddle) J.Pressley rush right guard to DC 44 for 4 yards (J.Smith; N.Temple),,,,,
1,165,1,02:04,DC,1st & 10 DC 44,"(No Huddle, Shotgun) C.Jones sacked at DC 36 for -8 yards (J.Smith; W.Sutton)",,,,,
1,170,1,01:20,DC,2nd & 18 DC 36,"(No Huddle, Shotgun) C.Jones pass short middle to E.Rogers to DC 44 for 8 yards (N.Temple)",,,,,
1,175,1,00:43,DC,3rd & 10 DC 44,"(No Huddle, Shotgun) C.Jones pass short left to M.Dupre to SEA 46 for 10 yards (J.Clark)",,,,,
1,180,1,00:01,DC,1st & 10 SEA 46,"(No Huddle, Shotgun) C.Jones pass deep left to D.Ernsberger to SEA 24 for 22 yards (C.Stribling)",,,,,
1,185,2,15:00,DC,1st & 10 SEA 24,(Shotgun) C.Jones scrambles right tackle to SEA 15 for 9 yards (S.Johnson),,,,,
1,190,2,14:24,DC,2nd & 1 SEA 15,"(No Huddle, Shotgun) D.Pumphrey rush left guard to SEA 16 for -1 yards (J.Thompson)",,,,,
1,195,2,13:51,DC,3rd & 2 SEA 16,(Shotgun) C.Jones FUMBLES (Aborted) at SEA 20. Recovers at SEA 18.C.Jones rush up the middle given up at the SEA 18,,,,,
1,200,2,13:09,DC,4th & 4 SEA 18,"(Field Goal) T.Rausa 35 yard field goal is No Good, Missed wide left.",,,,,
1,205,2,13:09,SEA,1st & 10 SEA 25,B.Silvers pass short right to B.Johnson to SEA 43 for 18 yards (M.Elam),,,,,
1,210,2,12:25,SEA,1st & 10 SEA 43,T.Williams rush left end to SEA 48 for 5 yards (A.Williams),,,,,
1,215,2,11:49,SEA,2nd & 5 SEA 48,(Shotgun) B.Silvers pass incomplete short middle to A.Proehl.,,,,,
1,220,2,11:26,SEA,1st & 10 DC 48,(Shotgun) B.Silvers pass incomplete deep left to A.Moore (D.Lawrence).,,,,,
1,225,2,10:53,SEA,2nd & 10 DC 48,(Shotgun) B.Silvers pass incomplete short left to T.Williams.,,,,,
1,230,2,10:31,SEA,3rd & 10 DC 48,(Shotgun) B.Silvers pass short middle intended for A.Proehl INTERCEPTED by R.Moore at DC 39. R.Moore to DC 45 for 9 yards (A.Proehl),,,,,
1,235,2,10:23,DC,1st & 10 DC 45,(Shotgun) C.Jones pass short left to J.Pressley to DC 48 for 3 yards (N.Temple),,,,,
1,240,2,09:41,DC,2nd & 7 DC 48,"(No Huddle, Shotgun) C.Jones pass incomplete short middle to M.Dupre.",,,,,
1,245,2,09:09,DC,3rd & 7 DC 48,(Shotgun) C.Jones pass incomplete short left to D.Pumphrey.,,,,,
1,250,2,08:51,DC,4th & 7 DC 48,(Punt) H.Niswander punts for 36 yards to SEA 16. Fair Catch by A.Proehl.,,,,,
1,255,2,08:45,SEA,1st & 10 SEA 16,J.Gardner rush right tackle to SEA 19 for 3 yards (J.Celestin; E.Qualls),,,,,
1,260,2,08:13,SEA,2nd & 7 SEA 19,(Shotgun) J.Gardner rush left end to SEA 18 for -1 yards (D.Lawrence),,,,,
1,265,2,07:32,SEA,3rd & 8 SEA 18,"(Shotgun) B.Silvers pass short left to K.Farrow to SEA 19 for 1 yards (J.Celestin) PENALTY on SEA. Unnecessary roughness, 9 yards, enforced to SEA 10.",,,,,
1,270,2,06:56,SEA,4th & 16 SEA 10,"(Punt) B.Miller punts BLOCKED by E.Campbell recovered by J.Celestin for -10 yards, TOUCHDOWN.",3,-6,01:49,6,9
1,275,2,06:56,SEA,,2pt attempt unsuccessful.,,,,,
1,280,2,06:56,SEA,,"H.Niswander kickoff from DC 30, 56 yds to SEA 14. K.Reynolds to SEA 38 for 56 yards (T.Kinnel)",,,,,
1,285,2,06:50,SEA,1st & 10 SEA 38,(Shotgun) B.Silvers pass incomplete short middle to A.Proehl.,,,,,
1,290,2,06:16,SEA,2nd & 10 SEA 38,(Shotgun) B.Silvers pass short right to K.Reynolds to SEA 42 for 4 yards (D.Grant),,,,,
1,295,2,05:42,SEA,3rd & 6 SEA 42,(Shotgun) B.Silvers pass short right to K.Farrow to SEA 46 for 4 yards (J.Thurman),,,,,
1,300,2,04:52,SEA,4th & 2 SEA 46,(Punt) B.Miller punts for 44 yards to DC 10. Fair Catch by E.Rogers.,,,,,
1,305,2,04:45,DC,1st & 10 DC 10,(Shotgun) C.Jones rush left end to DC 13 for 3 yards (P.Martin-Oguike),,,,,
1,310,2,04:10,DC,2nd & 7 DC 13,"(No Huddle, Shotgun) C.Jones pass short right to E.Rogers to DC 15 for 2 yards (G.Igwebuike)",,,,,
1,315,2,03:32,DC,3rd & 5 DC 15,"(No Huddle, Shotgun) C.Jones pass short left to M.Dupre to DC 19 for 4 yards (C.Stribling)",,,,,
1,320,2,02:42,DC,4th & 1 DC 19,"(Punt) H.Niswander punts, 47 yds to SEA 34. A.Proehl to SEA 40 for 47 yards (K.Freeman)",,,,,
1,325,2,02:31,SEA,1st & 10 SEA 40,(Shotgun) B.Silvers scrambles right guard to SEA 41 for 1 yards (J.Massaquoi),,,,,
1,330,2,02:00,SEA,2nd & 9 SEA 41,(Shotgun) B.Silvers pass incomplete short middle to A.Proehl (A.Tarpley).,,,,,
1,335,2,01:48,SEA,3rd & 9 SEA 41,(Shotgun) B.Silvers pass incomplete deep left to D.Byrd.,,,,,
1,340,2,01:40,SEA,1st & 10 DC 44,(Shotgun) T.Williams rush left guard to DC 39 for 5 yards (T.Kinnel),,,,,
1,345,2,01:25,SEA,2nd & 5 DC 39,"(No Huddle, Shotgun) B.Silvers pass incomplete deep right to K.Reynolds.",,,,,
1,350,2,01:19,SEA,3rd & 5 DC 39,(Shotgun) B.Silvers pass short middle to T.Williams to DC 42 for -3 yards (J.Massaquoi),,,,,
1,355,2,01:03,SEA,4th & 8 DC 42,(Shotgun) B.Silvers pass short middle to K.Farrow to DC 32 for 10 yards (J.Thurman),,,,,
1,360,2,00:51,SEA,1st & 10 DC 32,"(No Huddle, Shotgun) K.Farrow rush right end to DC 13 for 19 yards (A.Tarpley)",,,,,
1,365,2,00:26,SEA,1st & 10 DC 13,"(No Huddle, Shotgun) B.Silvers pass short left to T.Williams for 13 yards, TOUCHDOWN.",9,60,02:11,12,9
1,370,2,00:20,SEA,,1pt attempt successful. K.Reynolds reception.,9,60,02:11,13,9
1,375,2,00:20,DC,,"E.Lacayo kickoff from SEA 30 for 15 yards. Short to DC 21. PENALTY on SEA. Illegal procedure, 34 yards, enforced to SEA 45.",,,,,
1,380,2,00:20,DC,1st & 10 SEA 45,(Shotgun) C.Jones pass incomplete deep left to M.Dupre.,,,,,
1,385,2,00:15,DC,2nd & 10 SEA 45,(Shotgun) C.Jones scrambles up the middle to SEA 37 for 8 yards (N.Temple),,,,,
1,390,2,00:08,DC,3rd & 2 SEA 37,(No Huddle) C.Jones spiked the ball to stop the clock.,,,,,
1,395,2,00:05,DC,4th & 2 SEA 37,(Field Goal) T.Rausa 54 yds field goal IS GOOD.,4,8,00:20,13,12
1,400,3,15:00,DC,,"E.Lacayo kickoff from SEA 30, 64 yds to DC 6. R.Ross to DC 22 for 64 yards (S.Johnson)",,,,,
1,405,3,14:53,DC,1st & 10 DC 22,(Shotgun) C.Jones pass incomplete short right to S.Cobbs.,,,,,
1,410,3,14:35,DC,2nd & 10 DC 22,(Shotgun) J.Pressley rush left tackle to DC 36 for 14 yards (S.Johnson; N.Temple),,,,,
1,415,3,14:01,DC,1st & 10 DC 36,"(No Huddle, Shotgun) J.Pressley rush right tackle to DC 36 for 0 yards (N.Temple)",,,,,
1,420,3,13:25,DC,2nd & 10 DC 36,(Shotgun) J.Pressley rush right guard to DC 34 for -2 yards (S.Johnson),,,,,
1,425,3,12:50,DC,3rd & 12 DC 34,"(No Huddle, Shotgun) C.Jones pass deep left to E.Rogers to SEA 39 for 27 yards (C.Stribling)",,,,,
1,430,3,12:07,DC,1st & 10 SEA 39,"(No Huddle, Shotgun) C.Jones pass deep right to K.Lee for 39 yards, TOUCHDOWN.",6,78,03:04,13,18
1,435,3,11:56,DC,,1pt attempt successful. D.Pumphrey rush.,6,78,03:04,13,19
1,440,3,11:56,SEA,,"H.Niswander kickoff from DC 30, 55 yds to SEA 15. K.Reynolds to SEA 33 for 55 yards (S.Montgomery; K.Abdullah)",,,,,
1,445,3,11:52,SEA,1st & 10 SEA 33,J.Gardner rush left end to SEA 37 for 4 yards (K.Freeman),,,,,
1,450,3,11:22,SEA,2nd & 6 SEA 37,J.Gardner rush up the middle to SEA 43 for 6 yards (A.Tarpley; R.Moore),,,,,
1,455,3,10:42,SEA,1st & 10 SEA 43,"(Shotgun) B.Silvers pass short right to A.Proehl for 57 yards, TOUCHDOWN.",3,67,01:28,19,19
1,460,3,10:28,SEA,,1pt attempt unsuccessful.,,,,,
1,465,3,10:28,DC,,"E.Lacayo kickoff from SEA 30 to end zone, Touchback Minor.",,,,,
1,470,3,10:28,DC,1st & 10 DC 15,(Shotgun) J.Pressley rush up the middle to DC 16 for 1 yards (J.Thompson),,,,,
1,475,3,09:58,DC,2nd & 9 DC 16,"(No Huddle, Shotgun) J.Pressley rush right end to DC 14 for -2 yards (S.Johnson)",,,,,
1,480,3,09:14,DC,3rd & 11 DC 14,(Shotgun) C.Jones pass short right to J.Pressley to DC 29 for 15 yards (J.Clark; S.Williams),,,,,
1,485,3,08:35,DC,1st & 10 DC 29,(Shotgun) D.Pumphrey rush left end to DC 34 for 5 yards (S.Williams),,,,,
1,490,3,08:06,DC,2nd & 5 DC 34,"(No Huddle, Shotgun) D.Pumphrey rush left end to DC 36 for 2 yards (M.Frazier)",,,,,
1,495,3,07:19,DC,,"PENALTY on DC. False start, 5 yards, enforced to DC 31.",,,,,
1,500,3,06:57,DC,3rd & 8 DC 31,(Shotgun) C.Jones pass incomplete.,,,,,
1,505,3,06:36,DC,4th & 8 DC 31,"(Punt) H.Niswander punts, 56 yds to SEA 13. A.Proehl PENALTY on SEA. Illegal blindside block, 20 yards, enforced to SEA 10.",,,,,
1,510,3,06:25,SEA,1st & 10 SEA 10,K.Farrow rush left guard to SEA 12 for 2 yards (S.Anau),,,,,
1,515,3,05:50,SEA,2nd & 8 SEA 12,(Shotgun) K.Farrow rush right guard to SEA 11 for -1 yards (A.Tarpley; S.Anau),,,,,
1,520,3,05:14,SEA,3rd & 9 SEA 11,(Shotgun) B.Silvers pass short left to K.Farrow to SEA 10 for -1 yards (J.Thurman),,,,,
1,525,3,04:31,SEA,4th & 10 SEA 10,"(Punt) B.Miller punts, 44 yds to DC 46. E.Rogers to DC 45 for 44 yards (K.Queiro)",,,,,
1,530,3,04:20,DC,1st & 10 DC 45,(Shotgun) C.Jones pass deep right to E.Rogers to SEA 35 for 20 yards (S.Williams),,,,,
1,535,3,03:43,DC,1st & 10 SEA 35,(Shotgun) C.Jones pass incomplete.,,,,,
1,540,3,03:09,DC,2nd & 10 SEA 35,(Shotgun) J.Pressley rush up the middle to SEA 31 for 4 yards (N.Temple),,,,,
1,545,3,02:37,DC,3rd & 6 SEA 31,(Shotgun) J.Pressley rush right end to SEA 31 for 0 yards (S.Williams),,,,,
1,550,3,01:51,DC,4th & 6 SEA 31,"(Shotgun) C.Jones pass deep left to R.Ross for 31 yards, TOUCHDOWN.",5,55,02:35,19,25
1,555,3,01:45,DC,,1pt attempt unsuccessful.,,,,,
1,560,3,01:45,SEA,,"H.Niswander kickoff from DC 30, 66 yds to SEA 4. J.Santiago out of bounds at SEA 32 for 66 yards (T.Kinnel)",,,,,
1,565,3,01:38,SEA,1st & 10 SEA 32,B.Silvers pass incomplete deep right to C.Jeter (J.Thurman).,,,,,
1,570,3,01:12,SEA,2nd & 10 SEA 32,(Shotgun) T.Williams rush left end out of bounds at SEA 38 for 6 yards (D.Grant),,,,,
1,575,3,00:37,SEA,3rd & 4 SEA 38,(Shotgun) B.Silvers pass short left to A.Proehl out of bounds at SEA 46 for 8 yards (C.Merritt),,,,,
1,580,4,15:00,SEA,1st & 10 SEA 46,(Shotgun) B.Silvers pass short middle to T.Williams to DC 40 for 14 yards (R.Moore),,,,,
1,585,4,14:23,SEA,1st & 10 DC 40,B.Silvers pass incomplete deep right to A.Moore.,,,,,
1,590,4,13:58,SEA,2nd & 10 DC 40,(Shotgun) B.Silvers pass incomplete short middle to C.Jeter (J.Thurman).,,,,,
1,595,4,13:34,SEA,3rd & 10 DC 40,(Shotgun) B.Silvers pass short left to T.Williams to DC 37 for 3 yards (C.Merritt),,,,,
1,600,4,12:55,SEA,4th & 7 DC 37,"(Shotgun) B.Silvers pass short left intended for A.Proehl INTERCEPTED by B.Sylve at DC 31. B.Sylve Returned for 69 yards, TOUCHDOWN.",8,31,04:02,19,31
1,605,4,12:43,SEA,,"(Shotgun) C.Jones rush left end to SEA 6 for -4 yards (P.Martin-Oguike) PENALTY on SEA. Offside, , enforced to SEA 1.",,,,,
1,610,4,12:43,SEA,,1pt attempt unsuccessful.,,,,,
1,615,4,12:43,SEA,,"H.Niswander kickoff from DC 30, 61 yds to SEA 9. J.Santiago out of bounds at SEA 37 for 61 yards (K.Abdullah)",,,,,
1,620,4,12:37,SEA,1st & 10 SEA 37,J.Gardner rush right guard to SEA 42 for 5 yards (J.Thurman),,,,,
1,625,4,11:57,SEA,2nd & 5 SEA 42,(Shotgun) A.Proehl rush left end out of bounds at SEA 45 for 3 yards (K.Freeman),,,,,
1,630,4,11:19,SEA,3rd & 2 SEA 45,B.Silvers pass short left to D.Byrd out of bounds at SEA 49 for 4 yards (D.Lawrence),,,,,
1,635,4,10:51,SEA,1st & 10 SEA 49,(Shotgun) B.Silvers pass short middle to E.Rodriguez to DC 29 for 22 yards (J.Celestin),,,,,
1,640,4,10:21,SEA,1st & 10 DC 29,(Shotgun) J.Gardner rush left guard to DC 24 for 5 yards (J.Bromley; E.Qualls),,,,,
1,645,4,09:45,SEA,2nd & 5 DC 24,B.Silvers pass incomplete deep left to D.Byrd.,,,,,
1,650,4,09:13,SEA,3rd & 5 DC 24,(Shotgun) B.Silvers pass incomplete deep right to K.Reynolds (E.Campbell).,,,,,
1,655,4,08:24,SEA,4th & 5 DC 19,(Field Goal),,,,,
1,660,4,08:24,SEA,1st & 10 DC 19,(Shotgun) B.Silvers pass incomplete deep left to A.Moore (D.Lawrence).,,,,,
1,665,4,07:53,SEA,1st & 10 DC 14,(Shotgun) B.Silvers pass incomplete short right to D.Byrd (D.Lawrence).,,,,,
1,670,4,07:31,SEA,2nd & 10 DC 14,(Shotgun) J.Gardner rush right end to DC 4 for 10 yards (T.Kinnel; T.Sprinkle),,,,,
1,675,4,06:51,SEA,2nd & 10 DC 14,(Shotgun) J.Gardner rush right end to DC 5 for 9 yards (T.Kinnel; T.Sprinkle),,,,,
1,680,4,06:37,SEA,3rd & 1 DC 05,B.Silvers pass incomplete short right to E.Rodriguez.,,,,,
1,685,4,06:16,SEA,4th & 1 DC 05,"(Shotgun) K.Farrow rush right end to DC 5 for 0 yards (J.Celestin, J.Thurman)",,,,,
1,690,4,06:08,SEA,4th & 1 DC 05,"(Shotgun) K.Farrow rush right end to DC 3 for 2 yards (J.Celestin, J.Thurman)",,,,,
1,695,4,05:56,SEA,1st & 3 DC 03,J.Gardner rush up the middle to DC 3 for 0 yards (J.Bromley),,,,,
1,700,4,05:20,SEA,2nd & 3 DC 03,"(Shotgun) B.Silvers FUMBLES (Aborted) at DC 7, recovered by E.Qualls at DC 8. () LOST. Recovered by E.Qualls at DC 8.",,,,,
1,705,4,05:06,DC,1st & 10 DC 08,(Shotgun) C.Jones pass short right to S.Cobbs out of bounds at DC 22 for 14 yards (S.Johnson),,,,,
1,710,4,04:29,DC,1st & 10 DC 22,(Shotgun) J.Pressley rush right guard to DC 24 for 2 yards (W.Sutton; A.Moten),,,,,
1,715,4,03:42,DC,2nd & 8 DC 24,C.Jones pass incomplete short right to D.Hayward.,,,,,
1,720,4,03:16,DC,3rd & 8 DC 24,(Shotgun) C.Jones pass short left to E.Rogers to DC 23 for -1 yards (J.Clark),,,,,
1,725,4,02:33,DC,4th & 9 DC 23,"(Punt) H.Niswander punts, 50 yds to SEA 27. M.Myers to SEA 41 for 50 yards (B.Khoury)",,,,,
1,730,4,02:22,SEA,1st & 10 SEA 41,(Shotgun) B.Silvers pass short right to A.Proehl to SEA 44 for 3 yards (E.Campbell),,,,,
1,735,4,02:00,SEA,2nd & 7 SEA 44,(Shotgun) B.Silvers pass short middle to A.Moore to SEA 49 for 5 yards (J.Thurman),,,,,
1,740,4,01:43,SEA,3rd & 2 SEA 49,(Shotgun) B.Silvers pass incomplete short middle to A.Proehl.,,,,,
1,745,4,01:39,SEA,4th & 2 SEA 49,(Shotgun) B.Silvers pass short right to A.Proehl to DC 45 for 6 yards (J.Celestin),,,,,
1,750,4,01:31,SEA,1st & 10 DC 45,(Shotgun) B.Silvers sacked at DC 49 for -4 yards (J.Massaquoi),,,,,
1,755,4,01:26,SEA,2nd & 14 DC 49,(Shotgun) B.Silvers pass incomplete short right to K.Reynolds (E.Campbell).,,,,,
1,760,4,01:21,SEA,3rd & 14 DC 49,(Shotgun) B.Silvers pass incomplete short middle to K.Reynolds.,,,,,
1,765,4,01:16,SEA,4th & 14 DC 49,(Shotgun) B.Daniels pass incomplete short left to C.Jeter.,,,,,
1,770,4,01:09,DC,1st & 10 DC 49,C.Jones kneels at DC 47 for -2 yards.,,,,,
1,775,4,00:47,DC,2nd & 12 DC 47,C.Jones kneels at DC 45 for -2 yards.,,,,,
1,780,4,00:16,DC,3rd & 14 DC 45,C.Jones kneels at DC 44 for -1 yards.,,,,,
2,5,1,15:00,HOU,,"N.Novak kickoff from LA 30, 64 yds to HOU 6. J.Butler to HOU 39 for 64 yards (M.Stevens)",,,,,
2,10,1,14:50,HOU,1st & 10 HOU 39,(Shotgun) A.Williams rush up the middle to HOU 42 for 3 yards (A.Johnson; L.Brady),,,,,
2,15,1,14:19,HOU,2nd & 7 HOU 42,(Shotgun) P.Walker pass short right to K.Lewis to midfield for 8 yards (W.Smith),,,,,
2,20,1,13:44,HOU,1st & 10 50,"(Shotgun) P.Walker pass deep right to C.Phillips for 50 yards, TOUCHDOWN.",3,61,01:23,0,6
2,25,1,13:37,HOU,,1pt attempt unsuccessful.,,,,,
2,30,1,13:37,LA,,"S.Castillo kickoff from HOU 30, 65 yds to LA 5. L.Whitfield to LA 29 for 65 yards (T.Schwab)",,,,,
2,35,1,13:32,LA,1st & 10 LA 29,(Shotgun) C.Kanoff pass incomplete short right to A.Jennings (D.Gates).,,,,,
2,40,1,13:10,LA,2nd & 10 LA 29,(Shotgun) C.Kanoff pass short middle to N.Spruce to LA 38 for 9 yards (K.Burnett),,,,,
2,45,1,12:33,LA,3rd & 1 LA 38,E.Hood rush right guard to LA 39 for 1 yards (B.Brown),,,,,
2,50,1,12:01,LA,1st & 10 LA 39,(Shotgun) C.Kanoff pass short middle to L.Rose to LA 46 for 7 yards (K.Burnett),,,,,
2,55,1,11:26,LA,2nd & 3 LA 46,"E.Hood rush left guard to LA 44 for -2 yards (C.Crawford, C.Lyons)",,,,,
2,60,1,10:49,LA,3rd & 5 LA 44,(Shotgun) C.Kanoff scrambles up the middle to LA 47 for 3 yards (C.Lyons),,,,,
2,65,1,10:17,LA,,"PENALTY on HOU. Neutral zone infraction, 5 yards, enforced to HOU 48.",,,,,
2,70,1,10:17,LA,1st & 10 HOU 48,L.Whitfield rush left end to HOU 29 for 19 yards (C.Brown),,,,,
2,75,1,09:33,LA,1st & 10 HOU 29,E.Hood rush left guard to HOU 27 for 2 yards (C.Lyons),,,,,
2,80,1,09:00,LA,2nd & 8 HOU 27,(Shotgun) E.Hood rush right tackle to HOU 24 for 3 yards (K.Burnett),,,,,
2,85,1,08:27,LA,3rd & 5 HOU 24,(Shotgun) C.Kanoff pass short middle to N.Spruce to HOU 5 for 19 yards (C.Brown),,,,,
2,90,1,07:49,LA,1st & 5 HOU 05,"(Shotgun) C.Kanoff scrambles left end for 5 yards, TOUCHDOWN.",11,71,05:58,6,6
2,95,1,07:39,LA,,2pt attempt successful. J.Smallwood reception.,11,71,05:58,8,6
2,100,1,07:39,HOU,,"N.Novak kickoff from LA 30, 66 yds to HOU 4. J.Butler to HOU 28 for 66 yards (L.Wiley; R.Tatum)",,,,,
2,105,1,07:34,HOU,1st & 10 HOU 28,(Shotgun) P.Walker pass incomplete deep left to S.Coates (H.Miller).,,,,,
2,110,1,07:06,HOU,2nd & 10 HOU 28,(Shotgun) P.Walker pass incomplete deep right to C.Phillips.,,,,,
2,115,1,06:38,HOU,3rd & 10 HOU 28,(Shotgun) A.Williams rush up the middle to HOU 25 for -3 yards (R.Henderson),,,,,
2,120,1,06:24,HOU,4th & 13 HOU 25,(Punt) A.Rehkow punts recovered by E.Robinson,,,,,
2,125,1,06:14,HOU,1st & 10 LA 38,(Shotgun) P.Walker pass short right to A.Williams to LA 31 for 7 yards (A.Dixon),,,,,
2,130,1,05:38,HOU,2nd & 3 LA 31,(Shotgun) P.Walker pass short right to C.Phillips to LA 26 for 5 yards (J.Couplin),,,,,
2,135,1,05:06,HOU,1st & 10 LA 26,(Shotgun) D.Henderson rush up the middle to LA 32 for -6 yards (A.Dixon),,,,,
2,140,1,04:39,HOU,2nd & 16 LA 32,(Shotgun) P.Walker pass short right to K.Lewis out of bounds at LA 22 for 10 yards (M.Stevens),,,,,
2,145,1,04:10,HOU,3rd & 6 LA 22,(Shotgun) P.Walker pass incomplete deep left to S.Coates (M.Stevens).,,,,,
2,150,1,03:29,HOU,4th & 6 LA 22,"(Field Goal) S.Castillo 40 yard field goal is No Good, Missed wide left.",,,,,
2,155,1,03:25,LA,1st & 10 LA 30,(Shotgun) C.Kanoff pass short left to N.Spruce out of bounds at LA 37 for 7 yards (E.Robinson),,,,,
2,160,1,03:05,LA,2nd & 3 LA 37,(Shotgun) C.Kanoff pass short middle to P.Vahe to LA 42 for 5 yards (E.Robinson),,,,,
2,165,1,02:29,LA,1st & 10 LA 42,"E.Hood rush left guard to LA 41 for -1 yards (B.Brown, T.Schwab)",,,,,
2,170,1,01:49,LA,2nd & 11 LA 41,C.Kanoff scrambles left end out of bounds at LA 44 for 3 yards (E.Robinson),,,,,
2,175,1,01:21,LA,3rd & 8 LA 44,(Shotgun) C.Kanoff pass incomplete short right to S.Blacknall.,,,,,
2,180,1,00:53,LA,4th & 8 LA 44,(Punt) S.Tripucka punts for 36 yards to HOU 20. Fair Catch by S.Mobley.,,,,,
2,185,1,00:46,HOU,1st & 10 HOU 20,(Shotgun) P.Walker pass short left to N.Holley to HOU 26 for 6 yards (M.Stevens),,,,,
2,190,1,00:16,HOU,2nd & 4 HOU 26,(Shotgun) P.Walker pass incomplete short right to N.Holley (L.Brady).,,,,,
2,195,2,15:00,HOU,3rd & 4 HOU 26,(Shotgun) P.Walker pass incomplete deep left to S.Coates (H.Miller).,,,,,
2,200,2,14:32,HOU,4th & 4 HOU 26,"(Punt) A.Rehkow punts, 39 yds to LA 35. L.Whitfield out of bounds at LA 40 for 39 yards (C.Brown)",,,,,
2,205,2,14:23,LA,1st & 10 LA 40,(Shotgun) E.Hood rush left guard to LA 43 for 3 yards (D.Gates; K.Burnett),,,,,
2,210,2,13:49,LA,2nd & 7 LA 43,(Shotgun) C.Kanoff pass short left to N.Spruce to HOU 49 for 8 yards (A.Harris),,,,,
2,215,2,13:16,LA,1st & 10 HOU 49,(Shotgun) C.Kanoff pass short middle intended for L.Rose INTERCEPTED by K.Burnett at LA 45 (J.Maxey). K.Burnett to LA 45 for -6 yards (E.Hood),,,,,
2,220,2,13:01,HOU,1st & 10 LA 45,(Shotgun) P.Walker pass short right to J.Butler out of bounds at LA 41 for 4 yards (T.Williams),,,,,
2,225,2,12:39,HOU,2nd & 6 LA 41,(Shotgun) P.Walker pass incomplete short left to S.Coates (H.Miller).,,,,,
2,230,2,12:12,HOU,3rd & 6 LA 41,(Shotgun) P.Walker pass incomplete short right to C.Phillips.,,,,,
2,235,2,11:51,HOU,4th & 6 LA 41,(Shotgun) P.Walker pass incomplete deep left to S.Coates (A.Dixon).,,,,,
2,240,2,11:39,LA,1st & 10 LA 41,C.Kanoff pass short middle to N.Spruce to HOU 41 for 18 yards (D.Nichols),,,,,
2,245,2,11:12,LA,1st & 10 HOU 41,E.Hood rush up the middle to HOU 36 for 5 yards (D.Nichols),,,,,
2,250,2,10:42,LA,2nd & 5 HOU 36,(Shotgun) C.Kanoff pass short left to N.Spruce to HOU 21 for 15 yards (E.Robinson),,,,,
2,255,2,10:06,LA,1st & 10 HOU 21,(Shotgun) C.Kanoff pass short left to L.Whitfield out of bounds at HOU 16 for 5 yards,,,,,
2,260,2,09:46,LA,2nd & 5 HOU 16,(Shotgun) C.Kanoff pass short left to L.Whitfield out of bounds at HOU 11 for 5 yards (M.Huff),,,,,
2,265,2,09:26,LA,1st & 10 HOU 11,"(Shotgun) C.Kanoff pass short left to J.Smallwood for 11 yards, TOUCHDOWN.",6,59,02:18,14,6
2,270,2,09:21,LA,,2pt attempt unsuccessful.,,,,,
2,275,2,09:21,HOU,,"N.Novak kickoff from LA 30, 62 yds to HOU 8. J.Butler to HOU 27 for 62 yards (M.Diggs)",,,,,
2,280,2,09:17,HOU,1st & 10 HOU 27,(Shotgun) P.Walker pass short left to K.Lewis out of bounds at HOU 32 for 5 yards (M.Stevens),,,,,
2,285,2,08:47,HOU,2nd & 5 HOU 32,(Shotgun) P.Walker pass short left to S.Coates to LA 45 for 23 yards (A.Dixon),,,,,
2,290,2,08:03,HOU,1st & 10 LA 45,(Shotgun) P.Walker pass incomplete short right to K.Lewis (S.Oakman).,,,,,
2,295,2,07:39,HOU,2nd & 10 LA 45,(Shotgun) P.Walker pass incomplete deep right to C.Phillips.,,,,,
2,300,2,07:33,HOU,,"PENALTY on LA. Pass interference, 29 yards, enforced to LA 16.",,,,,
2,305,2,07:22,HOU,1st & 10 LA 16,"(Shotgun) P.Walker pass short right to J.Butler for 16 yards, TOUCHDOWN.",5,73,02:06,14,12
2,310,2,07:15,HOU,,2pt attempt unsuccessful.,,,,,
2,315,2,07:15,LA,,"S.Castillo kickoff from HOU 30, 62 yds to LA 8. L.Whitfield to LA 28 for 62 yards (J.Butler)",,,,,
2,320,2,07:10,LA,1st & 10 LA 28,E.Hood rush right end to LA 32 for 4 yards (K.Ealy),,,,,
2,325,2,06:39,LA,2nd & 6 LA 32,(Shotgun) E.Hood rush left end out of bounds at LA 39 for 7 yards (M.Huff; S.Smith),,,,,
2,330,2,06:07,LA,1st & 10 LA 39,L.Rose rush right end to LA 45 for 6 yards (C.Brown),,,,,
2,335,2,05:40,LA,2nd & 4 LA 45,L.Rose rush right tackle to midfield for 5 yards (J.Johnson),,,,,
2,340,2,05:06,LA,1st & 10 50,(Shotgun) C.Kanoff sacked at LA 48 for -2 yards (K.Ealy; C.Crawford),,,,,
2,345,2,04:27,LA,2nd & 12 LA 48,(Shotgun) C.Kanoff pass incomplete deep left to S.Blacknall.,,,,,
2,350,2,04:01,LA,3rd & 12 LA 48,(Shotgun) C.Kanoff pass short left to J.Smallwood to HOU 46 for 6 yards (S.Smith),,,,,
2,355,2,03:22,LA,4th & 6 HOU 46,(Shotgun) C.Kanoff pass short left to N.Spruce out of bounds at HOU 36 for 10 yards (S.Smith),,,,,
2,360,2,03:01,LA,1st & 10 HOU 36,(Shotgun) C.Kanoff pass incomplete deep left to J.Smallwood.,,,,,
2,365,2,02:56,LA,,"PENALTY on HOU. Illegal contact, 5 yards, enforced to HOU 31.",,,,,
2,370,2,02:47,LA,1st & 10 HOU 31,(Shotgun) C.Kanoff pass short left to L.Whitfield to HOU 11 for 20 yards (M.Huff),,,,,
2,375,2,02:17,LA,1st & 10 HOU 11,L.Rose rush up the middle to HOU 8 for 3 yards (D.Gates),,,,,
2,380,2,02:00,LA,2nd & 7 HOU 08,(Shotgun) L.Whitfield rush right end to HOU 17 for -9 yards (K.Ealy),,,,,
2,385,2,01:35,LA,3rd & 16 HOU 17,C.Kanoff pass incomplete deep left to J.Smallwood (C.Brown).,,,,,
2,390,2,01:30,LA,4th & 16 HOU 17,(Field Goal) N.Novak 35 yds field goal IS GOOD.,14,55,05:49,17,12
2,395,2,01:26,HOU,,N.Novak kickoff from LA 30 62 yds to HOU 8. J.Butler MUFFS catch. J.Butler recovers at HOU 23 out of bounds at LA 39 for 62 yards (A.Springs),,,,,
2,400,2,01:16,HOU,1st & 10 LA 39,(Shotgun) P.Walker pass incomplete deep middle to S.Mobley (H.Miller).,,,,,
2,405,2,01:10,HOU,2nd & 10 LA 39,"(Shotgun) P.Walker pass deep left to S.Mobley for 39 yards, TOUCHDOWN.",2,39,00:23,17,18
2,410,2,01:03,HOU,,2pt attempt unsuccessful.,,,,,
2,415,2,01:03,LA,,"S.Castillo kickoff from HOU 30 for 15 yards. Out of bounds at LA 6. PENALTY on HOU. Illegal procedure, 49 yards, enforced to HOU 45.",,,,,
2,420,2,00:56,LA,1st & 10 HOU 45,(Shotgun) C.Kanoff pass deep middle to B.Barnes to HOU 18 for 27 yards (C.Brown),,,,,
2,425,2,00:42,LA,1st & 10 HOU 18,(Shotgun) C.Kanoff pass incomplete short middle to N.Spruce.,,,,,
2,430,2,00:40,LA,2nd & 10 HOU 18,(Shotgun) C.Kanoff pass incomplete short left to A.Jennings.,,,,,
2,435,2,00:37,LA,3rd & 10 HOU 18,(Shotgun) C.Kanoff pass short right to N.Spruce to HOU 11 for 7 yards (D.Nichols),,,,,
2,440,2,00:11,LA,,"PENALTY on LA. Delayof game, 5 yards, enforced to HOU 16.",,,,,
2,445,3,14:59,LA,,"S.Castillo kickoff from HOU 30, 64 yds to LA 6. L.Whitfield to LA 22 for 64 yards (D.Lewis; T.Schwab)",,,,,
2,450,3,14:55,LA,1st & 10 LA 22,(Shotgun) E.Hood rush up the middle to LA 26 for 4 yards (B.Brown),,,,,
2,455,3,14:23,LA,2nd & 6 LA 26,"(Shotgun) E.Hood rush up the middle to LA 33 for 7 yards (C.Brown; M.Huff) PENALTY on LA. Holding, 10 yards, enforced to LA 16.",,,,,
2,460,3,13:52,LA,2nd & 16 LA 16,(Shotgun) C.Kanoff pass incomplete deep left to J.Smallwood (A.Harris).,,,,,
2,465,3,13:36,LA,3rd & 16 LA 16,(Shotgun) C.Kanoff sacked at LA 9 for -7 yards (L.Lewis),,,,,
2,470,3,12:57,LA,4th & 23 LA 09,"(Punt) S.Tripucka punts, 39 yds to LA 48. S.Mobley to LA 48 for 39 yards (J.Tocho; Q.Gause)",,,,,
2,475,3,12:46,HOU,1st & 10 LA 48,(Shotgun) J.Butler rush right guard to LA 46 for 2 yards (T.Williams),,,,,
2,480,3,12:12,HOU,2nd & 8 LA 46,(Shotgun) P.Walker scrambles left guard to LA 33 for 13 yards (J.Tocho),,,,,
2,485,3,11:33,HOU,1st & 10 LA 33,(Shotgun) J.Butler rush left tackle to LA 32 for 1 yards (T.Williams),,,,,
2,490,3,10:54,HOU,2nd & 9 LA 32,(Shotgun) P.Walker pass incomplete deep right to C.Phillips.,,,,,
2,495,3,10:24,HOU,3rd & 9 LA 32,(Shotgun) P.Walker pass deep middle to N.Holley to LA 3 for 29 yards (M.Stevens; A.Dixon),,,,,
2,500,3,09:38,HOU,1st & 3 LA 03,(Shotgun) J.Butler rush left guard to LA 4 for -1 yards (T.Sanders),,,,,
2,505,3,09:04,HOU,2nd & 4 LA 04,"(Shotgun) P.Walker pass short right to K.Lewis for 4 yards, TOUCHDOWN.",7,48,03:46,17,24
2,510,3,09:00,HOU,,(Shotgun) P.Walker pass incomplete short middle to N.Holley (T.Williams).,,,,,
2,515,3,09:00,HOU,,2pt attempt successful. P.Walker rush.,7,48,03:46,17,26
2,520,3,09:00,LA,,"S.Castillo kickoff from HOU 30, 66 yds to LA 4. L.Whitfield to LA 32 for 66 yards (C.Brown)",,,,,
2,525,3,08:50,LA,1st & 10 LA 32,(Shotgun) D.Harris rush right guard to LA 36 for 4 yards (B.Brown),,,,,
2,530,3,08:22,LA,2nd & 6 LA 36,(Shotgun) C.Kanoff pass short middle to N.Spruce to LA 42 for 6 yards (D.Nichols),,,,,
2,535,3,07:48,LA,1st & 10 LA 42,(Shotgun) C.Kanoff pass short left to A.Jennings to HOU 48 for 10 yards (A.Harris),,,,,
2,540,3,07:02,LA,1st & 10 HOU 48,(Shotgun) C.Kanoff pass incomplete short middle to N.Spruce.,,,,,
2,545,3,06:33,LA,,"PENALTY on LA. False start, 5 yards, enforced to LA 47.",,,,,
2,550,3,06:26,LA,1st & 15 LA 47,C.Kanoff pass incomplete short right to D.Harris.,,,,,
2,555,3,05:58,LA,2nd & 15 LA 47,(Shotgun) C.Kanoff pass short left to B.Barnes to HOU 49 for 4 yards (D.Gates),,,,,
2,560,3,05:10,LA,3rd & 11 HOU 49,(Shotgun) C.Kanoff pass short left to J.Smallwood to HOU 38 for 11 yards (A.Harris),,,,,
2,565,3,04:50,LA,1st & 10 HOU 38,(Shotgun) D.Harris rush right guard to HOU 36 for 2 yards (D.Lewis; C.Crawford),,,,,
2,570,3,04:18,LA,2nd & 8 HOU 36,(Shotgun) C.Kanoff pass incomplete deep right to S.Blacknall.,,,,,
2,575,3,03:47,LA,3rd & 8 HOU 36,(Shotgun) C.Kanoff pass incomplete short left to S.Blacknall (G.Wright).,,,,,
2,580,3,03:37,LA,4th & 8 HOU 36,(Shotgun) C.Kanoff pass incomplete deep right to J.Smallwood (D.Nichols).,,,,,
2,585,3,03:27,HOU,1st & 10 HOU 36,(Shotgun) J.Butler rush up the middle to HOU 43 for 7 yards (J.Couplin),,,,,
2,590,3,02:56,HOU,2nd & 3 HOU 43,(Shotgun) P.Walker rush right tackle to HOU 49 for 6 yards (B.Roberts; W.Mays),,,,,
2,595,3,02:18,HOU,1st & 10 HOU 49,(Shotgun) P.Walker pass short right to N.Holley to LA 44 for 7 yards (W.Smith),,,,,
2,600,3,01:46,HOU,2nd & 3 LA 44,(Shotgun) P.Walker pass short left to R.Malone to LA 40 for 4 yards (W.Smith),,,,,
2,605,3,01:05,HOU,1st & 10 LA 40,(Shotgun) P.Walker pass short right to C.Phillips to LA 29 for 11 yards (J.Dunlap),,,,,
2,610,3,00:50,HOU,1st & 10 LA 29,(Shotgun) P.Walker pass incomplete short left to S.Coates (A.Springs).,,,,,
2,615,3,00:21,HOU,2nd & 10 LA 29,(Shotgun) P.Walker pass short left to S.Coates to LA 26 for 3 yards (A.Springs),,,,,
2,620,4,15:00,HOU,3rd & 7 LA 26,(Shotgun) P.Walker pass incomplete short right to C.Phillips.,,,,,
2,625,4,14:26,HOU,4th & 7 LA 26,(Field Goal) S.Castillo 44 yds field goal IS GOOD.,9,38,04:05,17,29
2,630,4,14:22,LA,,"S.Castillo kickoff from HOU 30, 60 yds to LA 10. L.Rose to LA 31 for 60 yards (V.McMillan)",,,,,
2,635,4,14:17,LA,1st & 10 LA 31,(Shotgun) E.Hood rush up the middle to LA 44 for 13 yards (J.Johnson; C.Brown),,,,,
2,640,4,13:48,LA,1st & 10 LA 44,(Shotgun) J.McClendon FUMBLES (Aborted) at LA 40. Recovers at LA 40. to LA 42 (B.Brown),,,,,
2,645,4,13:03,LA,2nd & 12 LA 42,(Shotgun) J.McClendon pass incomplete short right to B.Barnes.,,,,,
2,650,4,12:54,LA,3rd & 12 LA 42,(Shotgun) J.McClendon pass deep left intended for J.Greene INTERCEPTED by D.Nichols at HOU 48 (A.Harris). D.Nichols to LA 42 for 10 yards (L.Whitfield),,,,,
2,655,4,12:39,HOU,1st & 10 LA 42,(Shotgun) P.Walker pass short right to R.Malone to LA 37 for 5 yards (J.Dunlap; L.Wiley),,,,,
2,660,4,12:08,HOU,2nd & 5 LA 37,(Shotgun) P.Walker pass short right to R.Malone out of bounds at LA 30 for 7 yards (T.Jones),,,,,
2,665,4,11:38,HOU,1st & 10 LA 30,(Shotgun) P.Walker pass incomplete deep left to S.Coates.,,,,,
2,670,4,11:25,HOU,2nd & 10 LA 30,(Shotgun) P.Walker rush right end out of bounds at LA 22 for 8 yards (M.Diggs; J.Dunlap),,,,,
2,675,4,10:42,HOU,3rd & 2 LA 22,(Shotgun) P.Walker pass deep middle to K.Lewis to LA 4 for 18 yards (L.Wiley),,,,,
2,680,4,10:01,HOU,1st & 4 LA 04,"(Shotgun) J.Butler rush right tackle for 4 yards, TOUCHDOWN.",6,42,02:44,17,35
2,685,4,09:55,HOU,,2pt attempt successful. K.Lewis reception.,6,42,02:44,17,37
2,690,4,09:55,LA,,"S.Castillo kickoff from HOU 30, 63 yds to LA 7. L.Rose out of bounds at LA 29 for 63 yards (J.Johnson)",,,,,
2,695,4,09:51,LA,1st & 10 LA 29,(Shotgun) J.McClendon sacked at LA 25 for -4 yards (D.Nichols),,,,,
2,700,4,09:18,LA,2nd & 14 LA 25,(Shotgun) E.Hood rush right tackle to LA 29 for 4 yards (G.Wright),,,,,
2,705,4,08:48,LA,3rd & 10 LA 29,(Shotgun) J.McClendon scrambles up the middle to LA 30 for 1 yards (E.Robinson),,,,,
2,710,4,07:56,LA,4th & 9 LA 30,"(Punt) S.Tripucka punts, 47 yds to HOU 23. S.Mobley PENALTY on HOU. Holding, 10 yards, enforced to HOU 19.",,,,,
2,715,4,07:44,HOU,1st & 10 HOU 19,(Shotgun) J.Butler rush right guard to HOU 22 for 3 yards (B.Roberts; T.Williams),,,,,
2,720,4,07:06,HOU,2nd & 7 HOU 22,(Shotgun) P.Walker pass short left to R.Malone to HOU 24 for 2 yards (J.Couplin),,,,,
2,725,4,06:30,HOU,3rd & 5 HOU 24,(Shotgun) P.Walker sacked at HOU 17 for -7 yards (S.Oakman),,,,,
2,730,4,05:49,HOU,4th & 12 HOU 17,(Punt) A.Rehkow punts recovered by R.Tatum to LA 26 for 54 yards (S.Coates),,,,,
2,735,4,05:36,LA,1st & 10 LA 26,(Shotgun) C.Kanoff pass incomplete short middle to B.Barnes (L.Lewis).,,,,,
2,740,4,05:21,LA,2nd & 10 LA 26,(Shotgun) C.Kanoff pass incomplete short right to N.Spruce.,,,,,
2,745,4,05:04,LA,3rd & 10 LA 26,(Shotgun) C.Kanoff sacked to LA 21. FUMBLES. recovered by D.Gates given up at the LA 21,,,,,
2,750,4,04:55,HOU,1st & 10 LA 21,(Shotgun) P.Walker pass short right to C.Phillips to LA 20 for 1 yards (L.Wiley),,,,,
2,755,4,04:19,HOU,2nd & 9 LA 20,(Shotgun) P.Walker pass short right to N.Holley to LA 11 for 9 yards (L.Wiley),,,,,
2,760,4,04:15,HOU,2nd & 9 LA 20,(Shotgun) P.Walker pass short right to N.Holley to LA 12 for 8 yards (L.Wiley),,,,,
2,765,4,04:09,HOU,3rd & 1 LA 12,"(Shotgun) P.Walker pass short middle intended for R.Malone INTERCEPTED by L.Wiley at LA -2. L.Wiley to LA 30 for 7 yards, lateral to A.Springs out of bounds at LA 37 for 14 yards (J.Butler)",,,,,
2,770,4,03:59,LA,1st & 10 LA 37,(Shotgun) C.Kanoff pass short right to N.Spruce to LA 41 for 4 yards (M.Huff),,,,,
2,775,4,03:37,LA,2nd & 6 LA 41,(Shotgun) C.Kanoff pass incomplete short right to N.Spruce.,,,,,
2,780,4,03:29,LA,3rd & 6 LA 41,(Shotgun) C.Kanoff pass incomplete short left to J.Greene (A.Harris).,,,,,
2,785,4,03:03,LA,4th & 6 LA 41,(Shotgun) C.Kanoff scrambles up the middle to HOU 49 for 10 yards (C.Brown),,,,,
2,790,4,02:22,LA,,"PENALTY on LA. False start, 5 yards, enforced to LA 46.",,,,,
2,795,4,02:16,LA,1st & 15 LA 46,(Shotgun) C.Kanoff pass incomplete.,,,,,
2,800,4,02:00,LA,2nd & 15 LA 46,"(No Huddle, Shotgun) J.McClendon pass short left to N.Spruce to LA 46 for 0 yards (M.Huff)",,,,,
2,805,4,01:48,LA,3rd & 15 LA 46,"(No Huddle, Shotgun) J.McClendon sacked at LA 46 for 0 yards (C.Bradford)",,,,,
2,810,4,01:33,LA,4th & 15 LA 46,"(No Huddle, Shotgun) J.McClendon pass incomplete deep left to J.Greene.",,,,,
2,815,4,01:33,HOU,1st & 10 LA 46,(Shotgun) J.Butler rush right guard to LA 43 for 3 yards (A.Johnson),,,,,
2,820,4,01:07,HOU,2nd & 7 LA 43,(Shotgun) J.Butler rush right guard to LA 37 for 6 yards (C.Reed),,,,,
2,825,4,00:44,HOU,3rd & 1 LA 37,(Shotgun) J.Butler rush right guard to LA 32 for 5 yards (T.Sanders),,,,,
2,830,4,00:20,HOU,1st & 10 LA 32,P.Walker kneels at LA 33 for -1 yards.,,,,,
3,5,1,15:00,NY,,"A.Franks kickoff from TB 30, 59 yds to NY 11. A.Duke to TB 48 for 59 yards (E.Beal)",,,,,
3,10,1,14:52,NY,1st & 10 TB 48,(Shotgun) M.McGloin pass short right to J.Powell to TB 42 for 6 yards (M.Hannemann),,,,,
3,15,1,14:16,NY,2nd & 4 TB 42,(Shotgun) M.McGloin pass short right to T.Cook to TB 42 for 0 yards (R.Priester),,,,,
3,20,1,13:35,NY,3rd & 4 TB 42,T.Cook rush up the middle to TB 42 for 0 yards (R.Walker; B.Richardson),,,,,
3,25,1,12:49,NY,4th & 4 TB 42,(Shotgun) M.McGloin pass short middle to J.Powell to TB 27 for 15 yards (M.Branch),,,,,
3,30,1,12:03,NY,1st & 10 TB 27,(Shotgun) D.Victor rush left guard to TB 24 for 3 yards (B.Richardson; R.Walker),,,,,
3,35,1,11:20,NY,2nd & 7 TB 24,(Shotgun) M.McGloin pass incomplete deep middle to J.Horn.,,,,,
3,40,1,10:52,NY,3rd & 7 TB 24,(Shotgun) M.McGloin pass deep right to J.Horn out of bounds at TB 6 for 18 yards (R.Priester),,,,,
3,45,1,10:24,NY,,"PENALTY on NY. Too many men illegal sub, 5 yards, enforced to TB 11.",,,,,
3,50,1,10:01,NY,1st & 11 TB 11,(Shotgun) M.McGloin pass incomplete short middle to J.Horn (M.Hannemann).,,,,,
3,55,1,09:55,NY,1st & 1 TB 01,"M.McGloin rush up the middle for 1 yards, TOUCHDOWN.",8,48,05:08,0,6
3,60,1,09:52,NY,,1pt attempt successful. T.Cook rush.,8,48,05:08,0,7
3,65,1,09:52,TB,,"M.McCrane kickoff from NY 30, 63 yds to TB 7. M.Brown to TB 37 for 63 yards (D.Askew-Henry)",,,,,
3,70,1,09:45,TB,1st & 10 TB 37,"D.Smith rush left guard to TB 37 for 0 yards (T.Barnes, D.Hines)",,,,,
3,75,1,09:10,TB,2nd & 10 TB 37,"(No Huddle, Shotgun) A.Murray pass short left to N.Truesdell out of bounds at TB 46 for 9 yards (B.Jones)",,,,,
3,80,1,08:55,TB,3rd & 1 TB 46,"(No Huddle, Shotgun) D.Smith rush left guard to midfield for 4 yards (T.Barnes)",,,,,
3,85,1,08:23,TB,1st & 10 50,"(No Huddle, Shotgun) D.Smith rush left guard to NY 40. FUMBLES. recovered by D.Smith given up at the NY 40",,,,,
3,90,1,07:13,TB,1st & 10 NY 40,(Shotgun) A.Murray pass deep middle to D.Williams to NY 23 for 17 yards (A.Soroh),,,,,
3,95,1,07:02,TB,1st & 10 NY 23,(Shotgun) A.Murray pass short left to J.Tolliver to NY 25 for -2 yards (B.Jones),,,,,
3,100,1,06:27,TB,2nd & 12 NY 25,A.Murray pass incomplete short right to C.Thompson.,,,,,
3,105,1,05:54,TB,3rd & 12 NY 25,(Shotgun) A.Murray pass deep middle to R.Horn to NY 6 for 19 yards (A.Hendy),,,,,
3,110,1,05:13,TB,1st & 6 NY 06,A.Murray pass short right intended for N.Truesdell INTERCEPTED by A.Soroh at NY -7 (D.Hines). A.Soroh given up at the NY -7,,,,,
3,115,1,05:01,NY,1st & 10 NY 20,(Shotgun) M.McGloin pass incomplete deep left to C.Pearson (A.Kelly).,,,,,
3,120,1,04:33,NY,2nd & 10 NY 20,(Shotgun) D.Victor rush left end out of bounds at NY 42 for 22 yards (M.Branch),,,,,
3,125,1,03:57,NY,1st & 10 NY 42,M.McGloin pass incomplete.,,,,,
3,130,1,03:28,NY,2nd & 10 NY 42,(Shotgun) D.Victor rush up the middle to NY 46 for 4 yards (N.Whitlock; R.Walker),,,,,
3,135,1,02:49,NY,3rd & 6 NY 46,(Shotgun) M.McGloin pass incomplete deep left to T.Redding (A.Kelly).,,,,,
3,140,1,02:14,NY,4th & 6 NY 46,(Punt) J.Vogel punts for 36 yards to TB 18. Fair Catch by R.Horn.,,,,,
3,145,1,02:08,TB,1st & 10 TB 18,(Shotgun) D.Smith rush right end to TB 30 for 12 yards (B.Rotimi; W.Sutton),,,,,
3,150,1,01:32,TB,,"PENALTY on TB. False start, 5 yards, enforced to TB 25.",,,,,
3,155,1,01:14,TB,1st & 15 TB 25,(Shotgun) A.Murray FUMBLES (Aborted) at TB 20. Recovers at TB 20.A.Murray pass short right to N.Truesdell to TB 31. FUMBLES. given up at the TB 27,,,,,
3,160,1,00:59,TB,1st & 15 TB 25,(Shotgun) A.Murray FUMBLES (Aborted) at TB 20. Recovers at TB 20.A.Murray pass incomplete short right to N.Truesdell (G.Dooley).,,,,,
3,165,1,00:59,TB,2nd & 15 TB 25,(Shotgun) A.Murray pass incomplete.,,,,,
3,170,1,00:25,TB,3rd & 15 TB 25,(Shotgun) A.Murray pass incomplete short right to D.Williams (D.Askew-Henry).,,,,,
3,175,2,15:00,TB,4th & 15 TB 25,"(Punt) J.Schum punts, 38 yds to NY 37. A.Duke to NY 43 for 38 yards (D.Dye)",,,,,
3,180,2,14:50,NY,1st & 10 NY 43,M.McGloin pass incomplete short right to M.McKay (A.Kelly).,,,,,
3,185,2,14:28,NY,2nd & 10 NY 43,(Shotgun) M.McGloin pass deep left to M.McKay to TB 12 for 45 yards (S.Lewis),,,,,
3,190,2,13:38,NY,1st & 10 TB 12,"(Shotgun) M.McGloin pass short left to C.Pearson for 12 yards, TOUCHDOWN.",3,57,01:21,0,13
3,195,2,13:29,NY,,1pt attempt successful. T.Cook rush.,3,57,01:21,0,14
3,200,2,13:29,TB,,"M.McCrane kickoff from NY 30, 63 yds to TB 7. M.Brown to TB 25 for 63 yards (C.Wright)",,,,,
3,205,2,13:23,TB,1st & 10 TB 25,A.Murray pass deep left to J.Tolliver out of bounds at NY 31 for 44 yards (A.Soroh; A.Hendy),,,,,
3,210,2,12:50,TB,1st & 10 NY 31,(Shotgun) A.Murray pass incomplete short right to J.Patrick.,,,,,
3,215,2,12:20,TB,2nd & 10 NY 31,(Shotgun) A.Murray pass short right to J.Patrick to NY 32 for -1 yards (B.Heeney),,,,,
3,220,2,11:42,TB,3rd & 11 NY 32,(Shotgun) A.Murray pass incomplete short left to N.Truesdell.,,,,,
3,225,2,11:19,TB,4th & 11 NY 32,"(Field Goal) A.Franks 50 yard field goal is No Good, Missed wide left.",,,,,
3,230,2,11:10,NY,1st & 10 NY 40,(Shotgun) D.Victor rush up the middle to NY 39 for -1 yards (M.Branch; R.Walker),,,,,
3,235,2,10:37,NY,2nd & 11 NY 39,(Shotgun) M.McGloin pass short left to J.Powell to NY 40 for 1 yards (T.McFadden),,,,,
3,240,2,09:58,NY,3rd & 10 NY 40,(Shotgun) M.McGloin pass incomplete short right to J.Horn.,,,,,
3,245,2,09:37,NY,4th & 10 NY 40,(Punt) J.Vogel punts for 47 yards to TB 13. Fair Catch by R.Horn.,,,,,
3,250,2,09:25,TB,1st & 10 TB 13,(Shotgun) A.Murray sacked at TB 13 for 0 yards (J.Mbu),,,,,
3,255,2,08:52,TB,2nd & 10 TB 13,A.Murray pass short left to D.Williams out of bounds at TB 21 for 8 yards (B.Jones),,,,,
3,260,2,08:04,TB,3rd & 2 TB 21,(Shotgun) A.Murray pass short right to D.Williams to TB 33 for 12 yards (B.Heeney; D.Hines),,,,,
3,265,2,07:33,TB,1st & 10 TB 33,D.Smith rush left guard to TB 36 for 3 yards (T.Barnes),,,,,
3,270,2,06:54,TB,2nd & 7 TB 36,(Shotgun) A.Murray pass short middle to R.Horn to TB 48 for 12 yards (A.Hendy),,,,,
3,275,2,06:18,TB,1st & 10 TB 48,(Shotgun) A.Murray pass incomplete deep right to J.Tolliver.,,,,,
3,280,2,05:47,TB,2nd & 10 TB 48,(Shotgun) A.Murray pass incomplete short right to D.Williams.,,,,,
3,285,2,05:18,TB,3rd & 10 TB 48,(Shotgun) A.Murray pass incomplete short left to D.Williams.,,,,,
3,290,2,04:53,TB,4th & 10 TB 48,"(Punt) J.Schum punts, 39 yds to NY 13. A.Duke to NY 15 for 39 yards (E.Beal)",,,,,
3,295,2,04:37,NY,1st & 10 NY 15,(Shotgun) M.McGloin pass short left to D.Victor to NY 20 for 5 yards (B.Richardson; L.Wacha),,,,,
3,300,2,04:04,NY,2nd & 5 NY 20,(Shotgun) M.McGloin pass short left to M.McKay to NY 29 for 9 yards (N.Whitlock),,,,,
3,305,2,03:15,NY,1st & 10 NY 29,(Shotgun) M.McGloin pass incomplete short right to J.Powell.,,,,,
3,310,2,02:44,NY,2nd & 10 NY 29,(Shotgun) M.McGloin pass incomplete short right to J.Powell.,,,,,
3,315,2,02:25,NY,1st & 10 NY 44,(Shotgun) M.McGloin pass short right to J.Powell out of bounds at midfield for 6 yards (L.Wacha),,,,,
3,320,2,02:00,NY,,"PENALTY on TB. Neutral zone infraction, 5 yards, enforced to TB 45.",,,,,
3,325,2,02:00,NY,1st & 10 TB 45,(Shotgun) M.McGloin pass incomplete short right to J.Horn (J.Banks).,,,,,
3,330,2,01:56,NY,2nd & 10 TB 45,(Shotgun) M.McGloin pass incomplete deep left to J.Horn (R.Priester).,,,,,
3,335,2,01:50,NY,3rd & 10 TB 45,(Shotgun) M.McGloin pass incomplete.,,,,,
3,340,2,01:44,NY,4th & 10 TB 45,(Punt) J.Vogel punts for 30 yards to TB 15. Fair Catch by R.Horn.,,,,,
3,345,2,01:37,TB,1st & 10 TB 15,(Shotgun) A.Murray pass incomplete short left to J.Tolliver.,,,,,
3,350,2,01:31,TB,2nd & 10 TB 15,(Shotgun) A.Murray pass deep middle to N.Truesdell to TB 42 for 27 yards (J.Summers),,,,,
3,355,2,01:17,TB,1st & 10 TB 42,"(No Huddle, Shotgun) A.Murray pass incomplete short right to R.Horn.",,,,,
3,360,2,01:11,TB,2nd & 10 TB 42,(Shotgun) A.Murray pass incomplete.,,,,,
3,365,2,01:06,TB,3rd & 10 TB 42,"(Shotgun) A.Murray sacked at TB 33 for -9 yards (R.Mueller; C.Walker) PENALTY on NY. Too many men illegal sub, 5 yards, enforced to TB 47.",,,,,
3,370,2,00:54,TB,3rd & 5 TB 47,"(Shotgun) A.Murray pass short middle to R.Horn to NY 42 for 11 yards (D.Askew-Henry) PENALTY on NY. Unnecessary roughness, 15 yards, enforced to NY 27.",,,,,
3,375,2,00:41,TB,1st & 10 NY 27,(Shotgun) A.Murray pass deep left intended for J.Tolliver INTERCEPTED by B.Jones at NY 12 (A.Hendy). B.Jones out of bounds at NY 32 for 15 yards (J.Patrick),,,,,
3,380,2,00:31,NY,1st & 10 NY 32,(Shotgun) M.McGloin pass short middle to D.Victor to NY 37 for 5 yards (L.Wacha; B.Richardson),,,,,
3,385,2,00:20,NY,2nd & 5 NY 37,"(No Huddle, Shotgun) M.McGloin pass deep right to C.Pearson to TB 31 for 32 yards (M.Hannemann; L.Wacha)",,,,,
3,390,2,00:05,NY,1st & 10 TB 31,(Field Goal) M.McCrane 49 yds field goal IS GOOD.,3,37,00:31,0,17
3,395,3,15:00,TB,,"M.McCrane kickoff from NY 30, 64 yds to TB 6. M.Brown to TB 30 for 64 yards (G.Dooley; F.Ginda)",,,,,
3,400,3,14:54,TB,1st & 10 TB 30,(Shotgun) D.Smith rush up the middle to TB 38 for 8 yards (D.Askew-Henry),,,,,
3,405,3,14:31,TB,2nd & 2 TB 38,"(No Huddle, Shotgun) D.Smith rush up the middle to TB 44 for 6 yards (B.Rotimi)",,,,,
3,410,3,14:01,TB,,"PENALTY on TB. False start, 5 yards, enforced to TB 39.",,,,,
3,415,3,13:46,TB,1st & 15 TB 39,(Shotgun) D.Smith rush up the middle to TB 43 for 4 yards (C.Walker),,,,,
3,420,3,13:14,TB,2nd & 11 TB 43,(Shotgun) Q.Flowers pass incomplete.,,,,,
3,425,3,12:54,TB,3rd & 11 TB 43,(Shotgun) A.Murray sacked to TB 35. FUMBLES. recovered by I.Williams given up at the TB 37,,,,,
3,430,3,12:13,TB,4th & 17 TB 37,(Punt) J.Schum punts for 38 yards to NY 25. Fair Catch by A.Duke.,,,,,
3,435,3,12:06,NY,1st & 10 NY 25,T.Cook rush right guard to NY 26 for 1 yards (D.Mount),,,,,
3,440,3,11:31,NY,2nd & 9 NY 26,(Shotgun) M.McGloin pass short left to J.Horn to NY 35 for 9 yards (M.Hannemann),,,,,
3,445,3,10:59,NY,,"PENALTY on NY. False start, 5 yards, enforced to NY 30.",,,,,
3,450,3,10:36,NY,1st & 15 NY 30,(Shotgun) M.McGloin pass incomplete short middle to J.Powell (N.Whitlock).,,,,,
3,455,3,10:17,NY,2nd & 15 NY 30,(Shotgun) M.McGloin pass short right to M.McKay to NY 34 for 4 yards (A.Kelly),,,,,
3,460,3,09:38,NY,3rd & 11 NY 34,(Shotgun) M.McGloin scrambles left end to NY 36 for 2 yards (A.Kelly),,,,,
3,465,3,08:55,NY,4th & 9 NY 36,"(Punt) J.Vogel punts, 53 yds to TB 11. D.Dye to TB 18 for 53 yards (S.Daly)",,,,,
3,470,3,08:42,TB,1st & 10 TB 18,A.Murray pass short left to D.Williams to TB 25 for 7 yards (D.Hines),,,,,
3,475,3,08:13,TB,2nd & 3 TB 25,J.Patrick rush right guard to TB 29 for 4 yards (B.Heeney; C.Walker),,,,,
3,480,3,07:43,TB,1st & 10 TB 29,"(No Huddle, Shotgun) J.Patrick rush left end out of bounds at TB 37 for 8 yards (A.Hendy; B.Heeney)",,,,,
3,485,3,07:26,TB,2nd & 2 TB 37,"(No Huddle, Shotgun) J.Patrick rush left tackle to TB 42 for 5 yards (B.Rotimi)",,,,,
3,490,3,06:57,TB,1st & 10 TB 42,"(No Huddle, Shotgun) A.Murray pass short right to J.Tolliver to TB 47 for 5 yards (D.Askew-Henry; R.Mueller)",,,,,
3,495,3,06:20,TB,2nd & 5 TB 47,(Shotgun) D.Smith rush left tackle to NY 49 for 4 yards (B.Rotimi),,,,,
3,500,3,05:58,TB,3rd & 1 NY 49,"(No Huddle, Shotgun) D.Smith rush left guard to NY 42 for 7 yards (D.Askew-Henry; D.Hines)",,,,,
3,505,3,05:26,TB,1st & 10 NY 42,"(No Huddle, Shotgun) Q.Flowers rush left end to NY 36 for 6 yards (B.Jones; D.Hines)",,,,,
3,510,3,04:46,TB,2nd & 4 NY 36,(No Huddle) Q.Flowers rush right end to NY 21 for 15 yards (R.Mueller),,,,,
3,515,3,04:09,TB,1st & 10 NY 21,"(No Huddle, Shotgun) D.Smith rush up the middle to NY 16 for 5 yards (B.Heeney; C.Wright)",,,,,
3,520,3,03:38,TB,2nd & 5 NY 16,"(No Huddle, Shotgun) Q.Flowers rush up the middle to NY 14 for 2 yards (A.Hendy)",,,,,
3,525,3,02:59,TB,3rd & 3 NY 14,(No Huddle) J.Patrick rush right end out of bounds at NY 4 for 10 yards (A.Hendy),,,,,
3,530,3,02:30,TB,1st & 4 NY 04,J.Patrick rush up the middle to NY 5 for -1 yards (J.Mbu),,,,,
3,535,3,01:57,TB,2nd & 5 NY 05,(No Huddle) A.Murray pass incomplete short left to J.Tolliver (A.Hendy).,,,,,
3,540,3,01:27,TB,3rd & 5 NY 05,(Shotgun) A.Murray pass incomplete short left to J.Tolliver (D.Hines).,,,,,
3,545,3,01:05,TB,4th & 5 NY 05,(Field Goal) A.Franks 23 yds field goal IS GOOD.,16,77,07:42,3,17
3,550,3,01:00,NY,,"A.Franks kickoff from TB 30, 67 yds to NY 3. A.Duke out of bounds at NY 33 for 67 yards (T.Plummer)",,,,,
3,555,3,00:53,NY,1st & 10 NY 33,(Shotgun) D.Victor rush right tackle to NY 37 for 4 yards (D.Mount; M.Branch),,,,,
3,560,3,00:22,NY,2nd & 6 NY 37,(Shotgun) M.McGloin pass incomplete short left to J.Horn.,,,,,
3,565,4,15:00,NY,3rd & 6 NY 37,(Shotgun) M.McGloin pass short right to D.Victor to TB 48 for 15 yards (M.Branch; T.McFadden),,,,,
3,570,4,14:23,NY,1st & 10 TB 48,(Shotgun) M.McGloin pass incomplete short middle to C.Pearson (T.McFadden).,,,,,
3,575,4,14:00,NY,1st & 10 TB 38,D.Victor rush right guard to TB 41 for -3 yards (D.Mount),,,,,
3,580,4,13:23,NY,2nd & 13 TB 41,(Shotgun) M.McGloin pass incomplete deep middle to C.Pearson (J.Collins).,,,,,
3,585,4,12:49,NY,3rd & 13 TB 41,(Shotgun) M.McGloin pass incomplete deep left to J.Horn.,,,,,
3,590,4,12:20,NY,4th & 13 TB 41,(Punt) J.Vogel punts for 34 yards to TB 7. Fair Catch by D.Dye.,,,,,
3,595,4,12:09,TB,1st & 10 TB 07,"(Shotgun) A.Murray pass short middle to N.Truesdell to TB 20. FUMBLES. recovered by J.Summers for 13 yards, TOUCHDOWN.",1,13,00:15,3,23
3,600,4,11:54,TB,,1pt attempt unsuccessful.,,,,,
3,605,4,11:54,TB,,"M.McCrane kickoff from NY 30, 68 yds to TB 2. M.Brown PENALTY on NY. Offside, 5 yards, enforced to TB 31.",,,,,
3,610,4,11:47,TB,1st & 10 TB 31,(Shotgun) J.Patrick rush right end to TB 29 for -2 yards (C.Walker; B.Rotimi),,,,,
3,615,4,11:18,TB,2nd & 12 TB 29,(Shotgun) A.Murray pass incomplete short middle to J.Patrick.,,,,,
3,620,4,10:51,TB,3rd & 12 TB 29,(Shotgun) A.Murray pass short right to D.Smith to TB 37 for 8 yards (C.Wright),,,,,
3,625,4,10:13,TB,4th & 4 TB 37,(Shotgun) A.Murray pass deep right to D.Williams out of bounds at NY 21 for 42 yards (W.Sutton),,,,,
3,630,4,09:38,TB,1st & 10 NY 21,"(No Huddle, Shotgun) J.Tolliver rush left end out of bounds at NY 16 for 5 yards (B.Jones)",,,,,
3,635,4,09:09,TB,2nd & 5 NY 16,"(No Huddle, Shotgun) Q.Flowers rush left tackle to NY 9 for 7 yards (W.Sutton)",,,,,
3,640,4,08:36,TB,1st & 9 NY 09,(Shotgun) D.Smith rush right guard to NY 6 for 3 yards (B.Rotimi),,,,,
3,645,4,08:02,TB,2nd & 6 NY 06,"(No Huddle, Shotgun) D.Smith rush up the middle to NY 5 for 1 yards (B.Rotimi)",,,,,
3,650,4,07:16,TB,3rd & 5 NY 05,(Shotgun) A.Murray sacked at NY 6 for -1 yards (C.Walker),,,,,
3,655,4,06:33,TB,4th & 6 NY 06,"(No Huddle, Shotgun) A.Murray pass incomplete short right to R.Horn.",,,,,
3,660,4,06:22,NY,1st & 10 NY 06,T.Cook rush up the middle to NY 11 for 5 yards (A.Kelly),,,,,
3,665,4,05:43,NY,2nd & 5 NY 11,T.Cook rush left guard to NY 15 for 4 yards (D.Hurst; E.Beal),,,,,
3,670,4,05:00,NY,,"PENALTY on NY. False start, 5 yards, enforced to NY 10.",,,,,
3,675,4,04:42,NY,3rd & 6 NY 10,(Shotgun) D.Victor rush up the middle to NY 9 for -1 yards (N.Whitlock),,,,,
3,680,4,04:06,NY,4th & 7 NY 09,"(Punt) J.Vogel punts for 49 yards to TB 42, downed by S.Daly.",,,,,
3,685,4,03:43,TB,1st & 10 TB 42,(Shotgun) J.Patrick rush up the middle to TB 43 for 1 yards (B.Heeney; T.Barnes),,,,,
3,690,4,03:17,TB,2nd & 9 TB 43,(Shotgun) J.Patrick rush left end out of bounds at midfield for 7 yards,,,,,
3,695,4,02:54,TB,3rd & 2 50,(Shotgun) Q.Flowers scrambles left end out of bounds at NY 46 for 4 yards (B.Heeney),,,,,
3,700,4,02:29,TB,1st & 10 NY 46,"(No Huddle, Shotgun) D.Smith rush up the middle to NY 39 for 7 yards (B.Heeney; D.Hines)",,,,,
3,705,4,02:00,TB,2nd & 3 NY 39,(Shotgun) Q.Flowers pass deep left to D.Williams to NY 2 for 37 yards (B.Jones),,,,,
3,710,4,01:54,TB,1st & 2 NY 02,(Shotgun) D.Smith rush left guard to NY 1 for 1 yards (B.Heeney; T.Johnson),,,,,
3,715,4,01:42,TB,,"PENALTY on TB. False start, 5 yards, enforced to NY 6.",,,,,
3,720,4,01:42,TB,2nd & 6 NY 06,(Shotgun) D.Smith rush up the middle to NY 2 for 4 yards (R.Texada),,,,,
3,725,4,01:37,TB,3rd & 2 NY 02,"(No Huddle, Shotgun) Q.Flowers sacked at NY 2 for 0 yards (W.Sutton)",,,,,
3,730,4,01:19,TB,4th & 2 NY 02,"(No Huddle, Shotgun) Q.Flowers sacked at NY 17 for -15 yards (W.Sutton)",,,,,
3,735,4,01:01,NY,1st & 10 NY 17,D.Victor rush left tackle to NY 18 for 1 yards (J.Collins; E.Beal),,,,,
3,740,4,00:44,NY,2nd & 9 NY 18,D.Victor rush right tackle to NY 21 for 3 yards (D.Hurst; E.Beal),,,,,
3,745,4,00:22,NY,3rd & 6 NY 21,M.McGloin kneels at NY 20 for -1 yards.,,,,,
4,5,1,15:00,DAL,,"T.Russolino kickoff from STL 35 to end zone, Touchback Major.",,,,,
4,10,1,15:00,DAL,1st & 10 DAL 35,(Shotgun) P.Nelson pass incomplete short right to J.Badet.,,,,,
4,15,1,14:38,DAL,2nd & 10 DAL 35,"(No Huddle, Shotgun) P.Nelson pass short right to F.Nagel out of bounds at DAL 47 for 12 yards (D.Hillary)",,,,,
4,20,1,14:11,DAL,1st & 10 DAL 47,(Shotgun) P.Nelson pass short right to L.Dunbar to midfield for 3 yards (W.Hill),,,,,
4,25,1,13:41,DAL,2nd & 7 50,"(No Huddle, Shotgun) P.Nelson pass short right to L.Dunbar out of bounds at STL 42 for 8 yards (K.Robinson)",,,,,
4,30,1,13:17,DAL,1st & 10 STL 42,"(No Huddle, Shotgun) P.Nelson pass short left to J.Badet out of bounds at STL 35 for 7 yards (D.Hillary)",,,,,
4,35,1,12:55,DAL,2nd & 3 STL 35,"(No Huddle, Shotgun) M.Young rush left guard to STL 28 for 7 yards (D.Hillary)",,,,,
4,40,1,12:22,DAL,1st & 10 STL 28,"(No Huddle, Shotgun) P.Nelson pass short right to J.Badet out of bounds at STL 33 for -5 yards (W.Hill)",,,,,
4,45,1,12:01,DAL,2nd & 15 STL 33,"(No Huddle, Shotgun) P.Nelson pass short left to M.Young to STL 34 for -1 yards (T.Garvin)",,,,,
4,50,1,11:21,DAL,3rd & 16 STL 34,"(No Huddle, Shotgun) P.Nelson sacked at STL 36 for -2 yards (D.Hendrix)",,,,,
4,55,1,10:41,DAL,4th & 18 STL 36,"(Punt) P.Nelson punts for 32 yards to STL 4, downed by D.Brown.",,,,,
4,60,1,10:33,STL,1st & 10 STL 04,(Shotgun) M.Jones rush left tackle to STL 9 for 5 yards (D.Phillips),,,,,
4,65,1,10:03,STL,2nd & 5 STL 09,"(No Huddle, Shotgun) M.Jones rush left end to STL 19 for 10 yards (A.Brown)",,,,,
4,70,1,09:34,STL,1st & 10 STL 19,"(No Huddle, Shotgun) J.Ta'amu pass short middle to B.Reilly to STL 38 for 19 yards (J.Hawkins)",,,,,
4,75,1,09:08,STL,1st & 10 STL 38,"(No Huddle, Shotgun) M.Jones rush left tackle to STL 41 for 3 yards (T.Adewusi)",,,,,
4,80,1,08:34,STL,2nd & 7 STL 41,"(No Huddle, Shotgun) M.Jones rush left guard to STL 42 for 1 yards (W.Craig; J.Calvin)",,,,,
4,85,1,07:54,STL,3rd & 6 STL 42,"(No Huddle, Shotgun) J.Ta'amu pass short left to C.Michael to STL 41 for -1 yards (A.Brown)",,,,,
4,90,1,07:18,STL,4th & 7 STL 41,"(Punt) M.King punts for 30 yards to DAL 29, downed by B.Reilly.",,,,,
4,95,1,07:08,DAL,1st & 10 DAL 29,(Shotgun) A.Walter rush up the middle to DAL 29 for 0 yards (C.Sayles),,,,,
4,100,1,06:30,DAL,2nd & 10 DAL 29,"(No Huddle, Shotgun) P.Nelson pass short middle to S.Price to DAL 38 for 9 yards (D.McCoil)",,,,,
4,105,1,06:08,DAL,3rd & 1 DAL 38,"(No Huddle, Shotgun) L.Dunbar rush left end to DAL 38 for 0 yards (G.President)",,,,,
4,110,1,05:26,DAL,4th & 1 DAL 38,"(Punt) D.Galitz punts, 47 yds to STL 15. D.Pierson-El PENALTY on STL. Block belowthe waist, 13 yards, enforced to STL 8.",,,,,
4,115,1,05:13,STL,1st & 10 STL 08,(Shotgun) K.Ford rush left guard to STL 11 for 3 yards (A.Brown),,,,,
4,120,1,04:41,STL,2nd & 7 STL 11,(Shotgun) J.Ta'amu pass incomplete short left to M.Jones.,,,,,
4,125,1,04:11,STL,3rd & 7 STL 11,(Shotgun) J.Ta'amu pass incomplete deep left to L.Washington (J.Hawkins).,,,,,
4,130,1,03:51,STL,1st & 10 STL 16,(Shotgun) M.Jones rush right tackle to STL 17 for 1 yards (T.Guerad),,,,,
4,135,1,03:15,STL,2nd & 9 STL 17,(Shotgun) J.Ta'amu pass deep left to A.Russell out of bounds at STL 45 for 28 yards,,,,,
4,140,1,02:56,STL,1st & 10 STL 45,(Shotgun) C.Michael rush right tackle to STL 44 for -1 yards (T.Scales),,,,,
4,145,1,02:26,STL,2nd & 11 STL 44,(Shotgun) J.Ta'amu pass incomplete short right to A.Russell (T.Decoud).,,,,,
4,150,1,01:56,STL,3rd & 11 STL 44,(Shotgun) J.Ta'amu scrambles right end out of bounds at DAL 38 for 18 yards (D.Smith),,,,,
4,155,1,01:33,STL,1st & 10 DAL 38,(Shotgun) J.Ta'amu pass short left to L.Washington to DAL 33 for 5 yards (T.Scales),,,,,
4,160,1,00:59,STL,,"PENALTY on STL. False start, 5 yards, enforced to DAL 38.",,,,,
4,165,1,00:46,STL,2nd & 10 DAL 38,(Shotgun) C.Michael rush left end to DAL 39 for -1 yards (T.Guerad),,,,,
4,170,1,00:29,STL,2nd & 10 DAL 38,(Shotgun) C.Michael rush left end to DAL 39. FUMBLES. recovered by J.Calvin given up at the DAL 36,,,,,
4,175,1,00:18,DAL,1st & 10 DAL 36,(Shotgun) P.Nelson pass short right to F.Nagel to DAL 38 for 2 yards (W.Hill),,,,,
4,180,1,00:01,DAL,2nd & 8 DAL 38,"(No Huddle, Shotgun) P.Nelson pass short middle to D.Parham to DAL 49 for 11 yards (T.Garvin)",,,,,
4,185,2,15:00,DAL,1st & 10 DAL 49,"(No Huddle, Shotgun) P.Nelson pass incomplete short right to D.Parham.",,,,,
4,190,2,14:43,DAL,2nd & 10 DAL 49,"(No Huddle, Shotgun) P.Nelson pass short left to C.Artis-Payne to STL 47 for 4 yards (D.Rivers; C.Ward)",,,,,
4,195,2,14:09,DAL,3rd & 6 STL 47,"(No Huddle, Shotgun) P.Nelson pass short left to F.Martino to STL 36 for 11 yards (W.Hill)",,,,,
4,200,2,13:25,DAL,1st & 10 STL 36,"(No Huddle, Shotgun) P.Nelson pass short right to C.Artis-Payne to STL 33 for 3 yards (T.Garvin)",,,,,
4,205,2,12:46,DAL,2nd & 7 STL 33,"(No Huddle, Shotgun) P.Nelson pass short right to C.Artis-Payne to STL 31 for 2 yards (R.Nelson)",,,,,
4,210,2,12:27,DAL,3rd & 5 STL 31,"(No Huddle, Shotgun) M.Young rush left guard to STL 29 for 2 yards (T.Garvin; D.Hendrix)",,,,,
4,215,2,11:48,DAL,4th & 3 STL 29,"(No Huddle, Shotgun) P.Nelson pass short right to J.Ferguson to STL 21 for 8 yards (R.Nelson)",,,,,
4,220,2,11:14,DAL,1st & 10 STL 21,"(No Huddle, Shotgun) P.Nelson pass short left to M.Young to STL 17 for 4 yards (D.Rivers)",,,,,
4,225,2,10:44,DAL,2nd & 6 STL 17,"(No Huddle, Shotgun) M.Young rush up the middle to STL 14 for 3 yards (J.Payne; D.McCoil)",,,,,
4,230,2,10:06,DAL,3rd & 3 STL 14,"(No Huddle, Shotgun) P.Nelson pass incomplete short middle to S.Price.",,,,,
4,235,2,09:46,DAL,4th & 3 STL 14,(Field Goal) A.MacGinnis 32 yds field goal IS GOOD.,13,50,05:37,0,3
4,240,2,09:41,STL,,"A.MacGinnis kickoff from DAL 35, 63 yds to STL 2. K.Mumphery to STL 27 for 63 yards (H.Kikaha; T.Scales)",,,,,
4,245,2,09:34,STL,1st & 10 STL 27,(Shotgun) C.Michael rush up the middle to STL 30 for 3 yards (G.Robinson),,,,,
4,250,2,09:06,STL,2nd & 7 STL 30,(Shotgun) K.Ford rush right end to STL 36 for 6 yards (R.Davison),,,,,
4,255,2,08:21,STL,3rd & 1 STL 36,(Shotgun) N.Fitzgerald rush left guard to STL 39 for 3 yards (F.Alexander),,,,,
4,260,2,07:51,STL,1st & 10 STL 39,(Shotgun) J.Ta'amu pass incomplete deep left to A.Russell.,,,,,
4,265,2,07:24,STL,2nd & 10 STL 39,"(Shotgun) C.Michael rush right end to STL 39 for 0 yards (T.Decoud) PENALTY on STL. Holding, 10 yards, enforced to STL 29.",,,,,
4,270,2,06:57,STL,2nd & 20 STL 29,(Shotgun) J.Ta'amu pass incomplete.,,,,,
4,275,2,06:41,STL,,"PENALTY on STL. False start, 5 yards, enforced to STL 24.",,,,,
4,280,2,06:28,STL,3rd & 25 STL 24,(Shotgun) J.Ta'amu pass short right to K.Mumphery out of bounds at STL 36 for 12 yards (T.Decoud),,,,,
4,285,2,05:53,STL,4th & 13 STL 36,"(Punt) M.King punts, 33 yds to DAL 31. J.Heard PENALTY on STL. Block belowthe waist, 15 yards, enforced to STL 44.",,,,,
4,290,2,05:44,DAL,1st & 10 STL 44,(Shotgun) P.Nelson pass short middle to L.Dunbar to STL 43 for 1 yards (T.Garvin),,,,,
4,295,2,05:26,DAL,2nd & 9 STL 43,"(No Huddle, Shotgun) C.Artis-Payne rush up the middle to STL 37 for 6 yards (C.Ward; K.Robinson)",,,,,
4,300,2,05:09,DAL,3rd & 3 STL 37,(Shotgun) L.Dunbar rush left guard to STL 39 for -2 yards (C.Ward),,,,,
4,305,2,04:48,DAL,4th & 5 STL 39,(Shotgun) L.Dunbar rush left tackle to STL 38 for 1 yards (D.Lambert; D.McCoil),,,,,
4,310,2,04:40,STL,1st & 10 STL 38,"(No Huddle, Shotgun) M.Jones rush left guard to STL 47 for 9 yards (D.Brown; F.Alexander)",,,,,
4,315,2,04:13,STL,,"PENALTY on STL. False start, 5 yards, enforced to STL 42.",,,,,
4,320,2,03:56,STL,2nd & 6 STL 42,"(No Huddle, Shotgun) J.Ta'amu pass short middle to D.Pierson-El to DAL 49 for 9 yards (J.Thornton; D.Jibowu)",,,,,
4,325,2,03:30,STL,1st & 10 DAL 49,"(No Huddle, Shotgun) J.Ta'amu rush up the middle to DAL 43 for 6 yards (R.Cliett)",,,,,
4,330,2,03:04,STL,2nd & 4 DAL 43,"(No Huddle, Shotgun) M.Jones rush right guard to DAL 42 for 1 yards (J.Calvin)",,,,,
4,335,2,02:30,STL,3rd & 3 DAL 42,"(No Huddle, Shotgun) M.Jones rush right guard to DAL 38 for 4 yards (M.Abernathy)",,,,,
4,340,2,02:00,STL,1st & 10 DAL 38,(Shotgun) J.Ta'amu pass incomplete deep right to C.Hunt.,,,,,
4,345,2,01:55,STL,2nd & 10 DAL 38,(Shotgun) J.Ta'amu pass short left to M.Lucas out of bounds at DAL 28 for 10 yards (D.Smith),,,,,
4,350,2,01:49,STL,1st & 10 DAL 28,"(No Huddle, Shotgun) M.Jones rush left end to DAL 22 for 6 yards (D.Smith)",,,,,
4,355,2,01:38,STL,2nd & 4 DAL 22,(Shotgun) J.Ta'amu pass short right to L.Washington to DAL 16 for 6 yards (D.Phillips),,,,,
4,360,2,01:26,STL,1st & 10 DAL 16,"(No Huddle, Shotgun) K.Ford rush right end for 16 yards, TOUCHDOWN.",10,62,03:20,6,3
4,365,2,01:20,STL,,2pt attempt unsuccessful.,,,,,
4,370,2,01:20,DAL,,"T.Russolino kickoff from STL 35, 64 yds to DAL 1. M.Young to DAL 26 for 64 yards (G.President; D.Hendrix)",,,,,
4,375,2,01:20,DAL,1st & 10 DAL 26,(Shotgun) P.Nelson pass short right to F.Nagel to DAL 36 for 10 yards (R.Nelson),,,,,
4,380,2,01:14,DAL,1st & 10 DAL 36,"(No Huddle, Shotgun) P.Nelson pass short right to D.Parham to DAL 43 for 7 yards (D.McCoil)",,,,,
4,385,2,00:54,DAL,2nd & 3 DAL 43,"(No Huddle, Shotgun) P.Nelson pass short right to D.Parham out of bounds at STL 48 for 9 yards (D.McCoil)",,,,,
4,390,2,00:50,DAL,1st & 10 STL 48,"(No Huddle, Shotgun) P.Nelson pass short right to D.Parham to STL 35 for 13 yards (T.Garvin)",,,,,
4,395,2,00:39,DAL,1st & 10 STL 35,"(No Huddle, Shotgun) P.Nelson pass short left to C.Artis-Payne to STL 31 for 4 yards (D.McCoil)",,,,,
4,400,2,00:26,DAL,2nd & 6 STL 31,"(No Huddle, Shotgun) C.Artis-Payne rush left tackle to STL 9 for 6 yards (G.President) PENALTY on DAL. Holding, 4 yards, enforced to STL 35.",,,,,
4,405,2,00:20,DAL,2nd & 10 STL 35,(Shotgun) C.Artis-Payne pass short left to F.Nagel to STL 25 for 10 yards (D.Hillary),,,,,
4,410,2,00:14,DAL,1st & 10 STL 25,(Shotgun) P.Nelson pass short right to J.Ferguson to STL 24 for 1 yards (D.Hillary),,,,,
4,415,2,00:08,DAL,2nd & 9 STL 24,(Field Goal) A.MacGinnis 42 yds field goal IS GOOD.,8,50,01:17,6,6
4,420,2,00:03,STL,,"A.MacGinnis kickoff from DAL 35 to end zone, Touchback Major.",,,,,
4,425,2,00:03,STL,1st & 10 STL 35,J.Ta'amu kneels at STL 34 for -1 yards.,,,,,
4,430,3,15:00,STL,,"A.MacGinnis kickoff from DAL 35, 64 yds to STL 1. K.Mumphery to STL 18 for 64 yards (D.Jibowu)",,,,,
4,435,3,14:52,STL,1st & 10 STL 18,(Shotgun) M.Jones rush up the middle to STL 20 for 2 yards (W.Craig),,,,,
4,440,3,14:26,STL,2nd & 8 STL 20,"(No Huddle, Shotgun) J.Ta'amu pass short right to M.Lucas out of bounds at STL 28 for 8 yards (A.Brown)",,,,,
4,445,3,13:58,STL,1st & 10 STL 28,"(No Huddle, Shotgun) K.Ford rush right guard to STL 29 for 1 yards (G.Robinson)",,,,,
4,450,3,13:26,STL,2nd & 9 STL 29,"(No Huddle, Shotgun) J.Ta'amu scrambles right guard to STL 38 for 9 yards (R.Davison)",,,,,
4,455,3,12:48,STL,1st & 10 STL 38,"(No Huddle, Shotgun) J.Ta'amu pass short left to L.Washington to STL 45 for 7 yards (A.Brown) PENALTY on STL. Unnecessary roughness, 15 yards, enforced to STL 30.",,,,,
4,460,3,12:07,STL,2nd & 18 STL 30,(Shotgun) M.Jones rush up the middle to STL 34 for 4 yards (F.Alexander),,,,,
4,465,3,11:29,STL,3rd & 14 STL 34,(Shotgun) J.Ta'amu sacked at STL 21 for -13 yards (F.Alexander),,,,,
4,470,3,10:48,STL,4th & 27 STL 21,"(Punt) M.King punts, 61 yds to DAL 18. J.Heard to DAL 34 for 61 yards (D.McCoil; J.Powell)",,,,,
4,475,3,10:35,DAL,1st & 10 DAL 34,(Shotgun) L.Dunbar rush up the middle to DAL 42 for 8 yards (W.Hill),,,,,
4,480,3,10:10,DAL,2nd & 2 DAL 42,"(No Huddle, Shotgun) L.Dunbar rush left tackle to STL 38 for 20 yards (K.Robinson; T.Garvin)",,,,,
4,485,3,09:42,DAL,1st & 10 STL 38,"(No Huddle, Shotgun) P.Nelson pass short middle to F.Nagel to STL 34 for 4 yards (D.Hillary)",,,,,
4,490,3,09:04,DAL,2nd & 6 STL 34,"(No Huddle, Shotgun) P.Nelson pass deep right to S.Price to STL 13 for 21 yards (K.Robinson)",,,,,
4,495,3,08:28,DAL,1st & 10 STL 13,"(No Huddle, Shotgun) P.Nelson pass incomplete short right to S.Price.",,,,,
4,500,3,08:07,DAL,2nd & 10 STL 13,"(No Huddle, Shotgun) P.Nelson pass incomplete short left to J.Badet.",,,,,
4,505,3,07:51,DAL,1st & 8 STL 08,"(No Huddle, Shotgun) P.Nelson pass short right to L.Dunbar to STL 4 for 4 yards (D.Hillary; D.Wade)",,,,,
4,510,3,07:25,DAL,2nd & 4 STL 04,"(No Huddle, Shotgun) C.Artis-Payne rush left guard to STL 4 for 0 yards (J.Payne; D.McCoil)",,,,,
4,515,3,06:46,DAL,3rd & 4 STL 04,"(No Huddle, Shotgun) P.Nelson sacked at STL 5 for -1 yards (D.McCoil)",,,,,
4,520,3,05:57,DAL,4th & 5 STL 05,(Field Goal) A.MacGinnis 23 yds field goal IS GOOD.,9,61,04:43,6,9
4,525,3,05:52,STL,,"A.MacGinnis kickoff from DAL 30, 66 yds to STL 4. K.Mumphery to STL 31 for 66 yards (D.Brown)",,,,,
4,530,3,05:45,STL,1st & 10 STL 31,(Shotgun) J.Ta'amu pass short left to W.Saxton out of bounds at STL 37 for 6 yards (G.Martini),,,,,
4,535,3,05:24,STL,2nd & 4 STL 37,(Shotgun) J.Ta'amu FUMBLES (Aborted) at STL 32. Recovers at STL 12.J.Ta'amu pass incomplete short right to M.Lucas.,,,,,
4,540,3,04:55,STL,3rd & 4 STL 37,(Shotgun) J.Ta'amu pass incomplete short right to M.Lucas.,,,,,
4,545,3,04:31,STL,4th & 4 STL 37,"(Punt) M.King punts out of bounds at DAL 0, Touchback Major.",,,,,
4,550,3,04:18,DAL,1st & 10 DAL 35,(Shotgun) P.Nelson pass short right to M.Young to DAL 44 for 9 yards (D.Wade),,,,,
4,555,3,03:53,DAL,2nd & 1 DAL 44,"(No Huddle, Shotgun) P.Nelson pass short left to M.Young to DAL 44 for 0 yards (A.Ankrah) PENALTY on DAL. Illegal block above waist, 10 yards, enforced to DAL 34.",,,,,
4,560,3,03:35,DAL,2nd & 11 DAL 34,(Shotgun) P.Nelson pass short left to M.Young to DAL 42 for 8 yards (D.Rivers),,,,,
4,565,3,03:12,DAL,3rd & 3 DAL 42,(Shotgun) P.Nelson sacked at DAL 40 for -2 yards (T.Garvin),,,,,
4,570,3,02:42,DAL,4th & 5 DAL 40,(Punt) D.Galitz punts recovered by D.Pierson-El to STL 17 for 43 yards (C.Kuntz),,,,,
4,575,3,02:22,STL,1st & 10 STL 17,(Shotgun) C.Michael rush left tackle to STL 18 for 1 yards (T.Scales),,,,,
4,580,3,02:02,STL,2nd & 9 STL 18,(Shotgun) J.Ta'amu pass short left to M.Lucas out of bounds at STL 28 for 10 yards (T.Adewusi),,,,,
4,585,3,01:48,STL,1st & 10 STL 28,"(No Huddle, Shotgun) C.Michael rush up the middle to STL 26 for -2 yards (T.Scales)",,,,,
4,590,3,01:14,STL,2nd & 12 STL 26,(Shotgun) J.Ta'amu pass short right to A.Russell to STL 38 for 12 yards (T.Decoud),,,,,
4,595,3,00:54,STL,1st & 10 STL 38,(Shotgun) J.Ta'amu pass short right to D.Pierson-El out of bounds at DAL 49 for 13 yards (T.Decoud),,,,,
4,600,3,00:46,STL,1st & 10 DAL 49,"(No Huddle, Shotgun) C.Michael rush right end to DAL 49 for 0 yards (R.Cliett)",,,,,
4,605,3,00:12,STL,2nd & 10 DAL 49,(Shotgun) J.Ta'amu scrambles right end out of bounds at DAL 46 for 3 yards (G.Martini),,,,,
4,610,4,15:00,STL,3rd & 7 DAL 46,(Shotgun) J.Ta'amu rush up the middle to DAL 9 for 37 yards (M.Abernathy),,,,,
4,615,4,14:27,STL,1st & 9 DAL 09,(Shotgun) J.Ta'amu pass short left to L.Washington out of bounds at DAL 9 for 0 yards (D.Phillips),,,,,
4,620,4,14:05,STL,2nd & 9 DAL 09,"(No Huddle, Shotgun) C.Michael rush left end to DAL 9 for 0 yards (W.Craig; J.Hawkins)",,,,,
4,625,4,13:27,STL,3rd & 9 DAL 09,"(Shotgun) J.Ta'amu pass short middle to A.Russell for 9 yards, TOUCHDOWN.",11,83,04:04,12,9
4,630,4,13:18,STL,,1pt attempt unsuccessful.,,,,,
4,635,4,13:18,DAL,,"T.Russolino kickoff from STL 30, 65 yds to DAL 5. A.Walter to DAL 21 for 65 yards (R.Hoskins)",,,,,
4,640,4,13:14,DAL,1st & 10 DAL 21,(Shotgun) P.Nelson pass short right to A.Walter to DAL 29 for 8 yards (D.Wade),,,,,
4,645,4,12:45,DAL,2nd & 2 DAL 29,"(No Huddle, Shotgun) P.Nelson pass short left to L.Dunbar out of bounds at DAL 38 for 9 yards (D.Rivers)",,,,,
4,650,4,12:12,DAL,1st & 10 DAL 38,(Shotgun) P.Nelson pass incomplete deep right to J.Heard.,,,,,
4,655,4,11:50,DAL,2nd & 10 DAL 38,(Shotgun) A.Walter rush up the middle to STL 49 for 13 yards (K.Robinson),,,,,
4,660,4,11:27,DAL,1st & 10 STL 49,"(No Huddle, Shotgun) P.Nelson pass short right to L.Dunbar to STL 45 for 4 yards (J.Powell; D.Wade)",,,,,
4,665,4,11:01,DAL,2nd & 6 STL 45,"(No Huddle, Shotgun) P.Nelson sacked at midfield for -5 yards (J.Payne)",,,,,
4,670,4,10:24,DAL,3rd & 11 50,"(No Huddle, Shotgun) P.Nelson pass incomplete deep middle to J.Ferguson.",,,,,
4,675,4,10:08,DAL,4th & 11 50,"(Punt) D.Galitz punts for 48 yards to STL 2, downed by C.Kuntz.",,,,,
4,680,4,09:58,STL,1st & 10 STL 02,(Shotgun) J.Ta'amu rush left tackle to STL 12 for 10 yards (J.Thornton),,,,,
4,685,4,09:35,STL,1st & 10 STL 12,"(No Huddle, Shotgun) M.Jones rush up the middle to STL 27 for 15 yards (D.Smith)",,,,,
4,690,4,09:10,STL,1st & 10 STL 27,(Shotgun) J.Ta'amu pass short right to L.Washington out of bounds at STL 29 for 2 yards (D.Brown),,,,,
4,695,4,08:48,STL,2nd & 8 STL 29,(Shotgun) J.Ta'amu pass short middle to D.Pierson-El out of bounds at DAL 30 for 41 yards (M.Abernathy),,,,,
4,700,4,08:05,STL,1st & 10 DAL 30,(Shotgun) M.Jones rush right tackle to DAL 24 for 6 yards (H.Kikaha),,,,,
4,705,4,07:32,STL,2nd & 4 DAL 24,(Shotgun) M.Jones rush left guard to DAL 18 for 6 yards (T.Adewusi),,,,,
4,710,4,07:02,STL,1st & 10 DAL 18,(Shotgun) M.Jones rush left tackle to DAL 18 for 0 yards (W.Craig),,,,,
4,715,4,06:31,STL,2nd & 10 DAL 18,(Shotgun) J.Ta'amu pass short middle to D.Pierson-El out of bounds at DAL 17 for 1 yards (T.Decoud),,,,,
4,720,4,06:07,STL,3rd & 9 DAL 17,(Shotgun) J.Ta'amu sacked at DAL 30 for -13 yards (T.Scales),,,,,
4,725,4,05:43,STL,4th & 22 DAL 30,(Field Goal) T.Russolino 48 yds field goal IS GOOD.,10,68,04:42,15,9
4,730,4,05:16,DAL,,"T.Russolino kickoff from STL 30, 70 yds to DAL 0. M.Young to DAL 22 for 70 yards (S.Beauharnais)",,,,,
4,735,4,05:16,DAL,1st & 10 DAL 22,(Shotgun) P.Nelson pass incomplete short middle to D.Parham.,,,,,
4,740,4,05:07,DAL,2nd & 10 DAL 22,"(No Huddle, Shotgun) P.Nelson pass short left to F.Nagel out of bounds at DAL 27 for 5 yards (D.Rivers)",,,,,
4,745,4,04:22,DAL,3rd & 5 DAL 27,"(No Huddle, Shotgun) P.Nelson pass incomplete deep right to J.Heard.",,,,,
4,750,4,04:02,DAL,4th & 5 DAL 27,(Punt) D.Galitz punts for 43 yards to STL 30. Fair Catch by D.Pierson-El.,,,,,
4,755,4,03:57,STL,1st & 10 STL 30,(Shotgun) M.Jones rush left end to STL 33 for 3 yards (G.Robinson),,,,,
4,760,4,03:19,STL,2nd & 7 STL 33,(Shotgun) M.Jones rush right guard to STL 33 for 0 yards (H.Kikaha),,,,,
4,765,4,02:40,STL,3rd & 7 STL 33,(Shotgun) J.Ta'amu pass short left to M.Lucas to STL 45 for 12 yards (T.Adewusi),,,,,
4,770,4,01:57,STL,1st & 10 STL 45,(Shotgun) M.Jones rush left guard to DAL 48 for 7 yards (T.Decoud),,,,,
4,775,4,01:55,STL,2nd & 3 DAL 48,(Shotgun) M.Jones rush left guard to DAL 44 for 4 yards (F.Alexander),,,,,
4,780,4,01:32,STL,1st & 10 DAL 44,(Shotgun) J.Ta'amu rush left tackle to DAL 48 for -4 yards (G.Robinson),,,,,
4,785,4,01:28,STL,2nd & 14 DAL 48,(Shotgun) M.Jones rush up the middle to DAL 49 for -1 yards (R.Cliett),,,,,
4,790,4,01:06,STL,3rd & 15 DAL 49,(Shotgun) M.Jones rush up the middle to midfield for -1 yards (T.Guerad),,,,,
4,795,4,00:46,STL,,"PENALTY on STL. Delayof game, 5 yards, enforced to STL 45.",,,,,
4,800,4,00:44,STL,4th & 21 STL 45,(Punt) M.King punts recovered by J.Heard to DAL 16 for 39 yards (H.Jones-Quartey),,,,,
4,805,4,00:33,DAL,1st & 10 DAL 16,(Shotgun) P.Nelson pass short right to J.Badet out of bounds at DAL 20 for 4 yards (D.Hillary),,,,,
4,810,4,00:28,DAL,2nd & 6 DAL 20,"(No Huddle, Shotgun) P.Nelson pass short right to J.Heard to DAL 30 for 10 yards (D.Hillary)",,,,,
4,815,4,00:23,DAL,1st & 10 DAL 30,"(No Huddle, Shotgun) P.Nelson pass deep right intended for J.Heard INTERCEPTED by W.Hill at STL 46. W.Hill given up at the STL 49",,,,,
4,820,4,00:15,STL,1st & 10 STL 49,J.Ta'amu kneels at STL 48 for -1 yards.,,,,,
